direction_name,direction_kind,alpha,valid_count,median_clogp,q25_clogp,q75_clogp,median_fixed_graph_size_residual,q25_fixed_graph_size_residual,q75_fixed_graph_size_residual,median_fixed_graph_size_residual_change_from_seed
raw::cLogP,raw_property,-150.0,50,-0.6657000000000002,-0.9553,-0.29419,-0.16532426498412445,-0.20018633500568112,0.1528612607853964,-0.251155141620084
raw::cLogP,raw_property,-146.96969696969697,50,-0.6657000000000002,-0.8597250000000001,-0.29419,-0.16532426498412445,-0.22895282584576432,0.1528612607853964,-0.23290324822603536
raw::cLogP,raw_property,-143.93939393939394,50,-0.6657000000000002,-0.956275,-0.29419,-0.16532426498412445,-0.32026928245822067,0.13696606623936178,-0.2765170365882108
raw::cLogP,raw_property,-140.9090909090909,50,-0.6657000000000002,-0.9906900000000002,-0.29419,-0.16532426498412445,-0.43959637047916755,0.155685218589466,-0.2765170365882108
raw::cLogP,raw_property,-137.87878787878788,50,-0.6657000000000002,-1.0429050000000002,-0.3034,-0.16532426498412445,-0.6253743091587458,0.155685218589466,-0.3271524929258064
raw::cLogP,raw_property,-134.84848484848484,50,-0.6657000000000002,-0.9759400000000001,-0.3034,-0.16532426498412445,-0.4847047336296531,0.1504159598185001,-0.21572866542937585
raw::cLogP,raw_property,-131.8181818181818,50,-0.6657000000000002,-0.9784450000000002,-0.394875,-0.16532426498412445,-0.7136193729927941,0.06515833997010197,-0.21572866542937585
raw::cLogP,raw_property,-128.78787878787878,50,-0.6657000000000002,-1.18073,-0.394875,-0.16949685574801399,-0.7401200683030175,-0.08671824573062277,-0.25311596674260717
raw::cLogP,raw_property,-125.75757575757576,50,-0.74911,-1.36869,-0.4049999999999999,-0.27060654651698535,-0.7940445109849881,-0.13592831113414394,-0.28730148026432023
raw::cLogP,raw_property,-122.72727272727272,50,-0.74911,-1.406265,-0.40510499999999994,-0.3102227246189725,-0.8620655963255552,-0.15235590270394783,-0.36550604977704937
raw::cLogP,raw_property,-119.69696969696967,50,-0.7278600000000001,-1.2387800000000002,-0.5770150000000001,-0.36355855344152654,-0.7961585116868024,-0.16532426498412445,-0.4621681501265298
raw::cLogP,raw_property,-116.66666666666666,50,-0.7401249999999995,-1.2342250000000001,-0.582625,-0.4153739977236983,-0.7968137226402812,-0.17445469386600937,-0.6234171342652551
raw::cLogP,raw_property,-113.63636363636364,50,-0.7188100000000002,-1.228155,-0.4422,-0.3505191951879586,-0.8111535085384858,-0.16532426498412445,-0.5839250561152173
raw::cLogP,raw_property,-110.6060606060606,50,-0.6986600000000001,-1.0741049999999999,-0.4680250000000001,-0.3581629396186526,-0.8935309135570232,-0.16532426498412445,-0.622371882356964
raw::cLogP,raw_property,-107.57575757575758,50,-0.6931499999999999,-1.049905,-0.42497250000000014,-0.3581629396186526,-0.9456066672970184,-0.16532426498412445,-0.5839250561152173
raw::cLogP,raw_property,-104.54545454545456,50,-0.79027,-1.301405,-0.430275,-0.4425326325455886,-0.9779608027880432,-0.1509277558255308,-0.58446527415931
raw::cLogP,raw_property,-101.51515151515152,50,-0.79027,-1.265105,-0.3915,-0.36517637697628247,-0.9623973668513413,-0.16636741267509683,-0.5632851300609447
raw::cLogP,raw_property,-98.48484848484848,50,-0.8365000000000001,-1.2666875,-0.394875,-0.4605716853902638,-1.0102197891045126,-0.17326963228497858,-0.5632851300609447
raw::cLogP,raw_property,-95.45454545454544,50,-0.8365000000000001,-1.454345,-0.394875,-0.5699498926221873,-1.0570000100539834,-0.16636741267509683,-0.6072469911869496
raw::cLogP,raw_property,-92.42424242424242,50,-0.8599,-1.3942249999999998,-0.4193249999999999,-0.6032136155313851,-1.028153831873182,-0.2089133026754081,-0.5899803090435682
raw::cLogP,raw_property,-89.39393939393939,50,-0.8966000000000001,-1.4183749999999997,-0.3370499999999999,-0.5879077068477884,-1.2019361313552346,-0.2089133026754081,-0.6871421161504974
raw::cLogP,raw_property,-86.36363636363637,50,-0.7381500000000002,-1.2560999999999993,-0.31762499999999994,-0.7639119520303406,-1.0991835759484836,-0.34099243335097873,-0.6770282410360731
raw::cLogP,raw_property,-83.33333333333333,50,-0.6847500000000001,-1.3014499999999998,-0.2911749999999999,-0.7946985601055225,-1.1958613906474194,-0.3213102073872781,-0.8862218374565506
raw::cLogP,raw_property,-80.3030303030303,50,-0.9415499999999998,-1.2733249999999996,-0.2919775,-0.9114806987423136,-1.174160552659759,-0.3503823388948109,-0.9481921651336745
raw::cLogP,raw_property,-77.27272727272728,50,-0.9398999999999995,-1.2481274999999996,-0.20107249999999996,-0.8630095154910207,-1.3945159996001788,-0.3498750175933903,-0.985798462701306
raw::cLogP,raw_property,-74.24242424242425,50,-0.8684500000000002,-1.2481274999999996,-0.09825500000000001,-0.875913141265687,-1.3286836552280992,-0.2454560284904395,-0.9481921651336745
raw::cLogP,raw_property,-71.21212121212122,50,-0.6727500000000001,-1.1997075000000001,0.34002499999999997,-0.768275969341634,-1.1525407586538035,-0.2124169678717697,-0.8495770970008378
raw::cLogP,raw_property,-68.18181818181819,50,-0.5072000000000001,-1.0455750000000001,0.3454,-0.7873817063265693,-1.3292738646173519,-0.1977140115062694,-0.9089499865822909
raw::cLogP,raw_property,-65.15151515151516,50,-0.40084999999999993,-0.9289499999999999,0.5808949999999999,-0.7867967017853803,-1.389428537520084,-0.23524803433600106,-0.9080573913123693
raw::cLogP,raw_property,-62.121212121212125,50,-0.43010000000000026,-0.8554999999999999,0.6225749999999997,-0.8439912293543852,-1.3794392968973863,-0.3781745555153993,-0.8073450536665971
raw::cLogP,raw_property,-59.09090909090909,50,-0.30370000000000014,-0.9640749999999998,1.02592,-0.8161475302846746,-1.401029135666874,-0.42740878115004827,-0.8949208984840545
raw::cLogP,raw_property,-56.06060606060606,50,-0.38625,-0.883674999999999,1.065875,-0.8188935047678199,-1.3346619064886163,-0.3717838787582518,-0.9106399363815145
raw::cLogP,raw_property,-53.03030303030303,50,0.23633999999999988,-0.6435,1.038325,-0.7493164801845424,-1.2990067191854222,-0.2750981415110622,-0.9418961152302336
raw::cLogP,raw_property,-50.0,50,0.3244849999999998,-0.3885000000000002,1.2487874999999997,-0.9179232928099403,-1.2910894224474845,-0.16698622858480072,-0.8935192553439113
raw::cLogP,raw_property,-46.96969696969697,50,0.39335,-0.1927249999999999,1.43725,-0.7532367153386352,-1.356748017402066,-0.080796040487217,-0.8131611550428773
raw::cLogP,raw_property,-43.93939393939394,50,0.9327599999999999,0.06174249999999995,1.731625,-0.6937057785062124,-1.0752461735057133,0.013087273072044436,-0.7868809058768966
raw::cLogP,raw_property,-40.90909090909091,50,1.538735,0.6508250000000001,2.15844,-0.6796717080503365,-1.0752709266380298,0.04105761593618412,-0.6030928044176437
raw::cLogP,raw_property,-37.87878787878788,50,1.4591999999999996,0.72765,2.6941775000000012,-0.6577571645854722,-1.152978148706726,0.17096989618703273,-0.6765737747706952
raw::cLogP,raw_property,-34.848484848484844,50,2.10311,1.2542875,2.898265000000001,-0.40555342295600916,-0.9905738270471421,0.2255335481988478,-0.4797970504964797
raw::cLogP,raw_property,-31.818181818181813,50,2.724500000000001,1.5222200000000001,3.342880000000002,-0.2189738646215878,-0.5271350561848466,0.37201224069685734,-0.08786655813633781
raw::cLogP,raw_property,-28.787878787878785,50,2.881460000000001,1.63955,3.8203500000000017,-0.028179623197788217,-0.520872300242237,0.4512991735471541,0.0
raw::cLogP,raw_property,-25.757575757575765,50,2.9818100000000016,1.932825,4.165625000000003,0.049344359597023324,-0.3399386593953891,0.4338089269133355,0.0
raw::cLogP,raw_property,-22.727272727272734,50,3.1678400000000013,2.176525,4.277625000000004,0.13549777133547147,-0.2814173017480952,0.5181794543268439,0.0
raw::cLogP,raw_property,-19.69696969696969,50,3.1586500000000006,2.176525,4.277625000000004,0.13549777133547147,-0.2989069351589302,0.5747129813166891,0.0
raw::cLogP,raw_property,-16.666666666666657,50,3.115740000000002,2.298575,4.299875000000003,0.13549777133547147,-0.2989069351589302,0.5906080034898884,0.0
raw::cLogP,raw_property,-13.636363636363626,50,3.115740000000002,2.3599250000000005,4.299875000000003,0.13549777133547147,-0.2989069351589302,0.5736028282612629,0.0
raw::cLogP,raw_property,-10.606060606060597,50,3.115740000000002,2.29035,4.470600000000003,0.13549777133547147,-0.2989069351589302,0.5736028282612629,0.0
raw::cLogP,raw_property,-7.575757575757564,50,3.115740000000002,2.3599250000000005,4.470600000000003,0.13549777133547147,-0.2989069351589302,0.5736028282612629,0.0
raw::cLogP,raw_property,-4.545454545454561,50,3.115740000000002,2.3599250000000005,4.505040000000004,0.13549777133547147,-0.2989069351589302,0.5736028282612629,0.0
raw::cLogP,raw_property,-1.5151515151515298,50,3.115740000000002,2.3599250000000005,4.505040000000004,0.13549777133547147,-0.2989069351589302,0.5736028282612629,0.0
raw::cLogP,raw_property,1.5151515151515014,50,3.115740000000002,2.3599250000000005,4.505040000000004,0.13549777133547147,-0.2989069351589302,0.5736028282612629,0.0
raw::cLogP,raw_property,4.5454545454545325,50,3.2390400000000015,2.3599250000000005,4.401600000000003,0.13549777133547147,-0.27662107084902865,0.5736028282612629,0.0
raw::cLogP,raw_property,7.575757575757564,50,3.2390400000000015,2.3599250000000005,4.401600000000003,0.13549777133547147,-0.27662107084902865,0.5736028282612629,0.0
raw::cLogP,raw_property,10.606060606060597,50,3.2936500000000017,2.3599250000000005,4.401600000000003,0.13549777133547147,-0.27662107084902865,0.5736028282612629,0.0
raw::cLogP,raw_property,13.636363636363626,50,3.3730000000000016,2.3599250000000005,4.401600000000003,0.13549777133547147,-0.27662107084902865,0.5658645208464417,0.0
raw::cLogP,raw_property,16.666666666666657,50,3.831000000000002,2.4311750000000005,4.423200000000003,0.18155941328293257,-0.2989069351589302,0.6300569117672759,0.0
raw::cLogP,raw_property,19.69696969696969,50,4.011700000000002,2.614650000000001,4.7853350000000034,0.3091809491618789,-0.26928199860203206,0.7303890090580119,0.0
raw::cLogP,raw_property,22.72727272727272,50,4.061790000000004,2.4311750000000005,5.231060000000004,0.3582876201183933,-0.26928199860203206,0.7528675610639339,0.0
raw::cLogP,raw_property,25.75757575757575,50,4.256800000000003,2.636625000000001,5.465215000000004,0.3449755341212839,-0.1564612885155192,0.7528675610639339,0.0
raw::cLogP,raw_property,28.787878787878785,50,4.547960000000003,2.9329500000000013,5.849672500000005,0.4122922881804283,-0.06882341683866555,0.9676124506410402,0.27392624462966886
raw::cLogP,raw_property,31.818181818181813,50,4.730995000000004,3.5869750000000025,6.060190000000006,0.3792830639028444,0.07441068145043972,0.9870737767697697,0.4096577427829633
raw::cLogP,raw_property,34.848484848484844,50,5.265490000000005,3.923600000000002,6.311665000000006,0.5522680006987521,0.05728373886016036,1.0025848792642056,0.2756738623048314
raw::cLogP,raw_property,37.87878787878788,50,5.360440000000006,3.8465350000000016,6.556325000000006,0.5666151020041272,0.01112766349007066,0.9921309074627622,0.3066857695254612
raw::cLogP,raw_property,40.90909090909091,50,5.851810000000005,4.2466500000000025,6.9481000000000055,0.583298928144683,0.031654823413586164,1.0114529040144946,0.2724739166201722
raw::cLogP,raw_property,43.93939393939394,50,5.883800000000006,4.241265000000004,7.155215000000006,0.7091780614021543,0.07062329580104365,1.1207923239588462,0.33304081231858107
raw::cLogP,raw_property,46.96969696969697,50,6.1699000000000055,3.8742700000000023,7.200595000000004,0.5501113411431631,0.10257846672646742,1.2673705425262056,0.47169969943005774
raw::cLogP,raw_property,50.0,50,6.294190000000006,3.835450000000003,6.9491950000000084,0.350499633186129,-0.010090536807271455,1.1979112243062666,0.4195961286844474
raw::cLogP,raw_property,53.03030303030303,50,6.470595000000007,4.2405000000000035,7.301697500000008,0.7183219236031375,-0.10184436042235984,1.2563431739977067,0.41638600862155384
raw::cLogP,raw_property,56.06060606060606,50,6.436150000000007,4.576735000000004,8.092800000000006,0.49862495603809087,-0.1662395113826649,1.3064059812065008,0.4233308658077888
raw::cLogP,raw_property,59.09090909090909,50,6.484590000000006,4.398635000000003,8.083950000000007,0.5675689353819493,0.12795426427243173,1.2682151272797666,0.5805807158836334
raw::cLogP,raw_property,62.121212121212125,50,7.021500000000007,4.282935000000004,8.279325000000004,0.8547198120625237,0.12388319155348648,1.329429911987912,0.5999711266606831
raw::cLogP,raw_property,65.15151515151516,50,7.0475000000000065,4.889150000000004,8.254275000000005,0.7999921540512629,0.05600113285261832,1.381078207189527,0.544454573888052
raw::cLogP,raw_property,68.18181818181819,50,7.968650000000007,5.562275000000005,8.920670000000001,0.8424929122374776,0.3800308822048395,1.448012585301641,0.6919412753084835
raw::cLogP,raw_property,71.21212121212122,50,8.211400000000006,6.031175000000006,9.033075,0.9280845075741819,0.3714534528027402,1.6099548573309974,0.9760029166802116
raw::cLogP,raw_property,74.24242424242425,50,8.112650000000007,6.817550000000007,9.179050000000004,0.8427645012696536,0.3621458057944482,1.4099086282062818,0.8286752834276669
raw::cLogP,raw_property,77.27272727272728,50,8.455700000000006,7.238525000000006,9.198045,1.0516213955378908,0.3514946846405995,1.6917063465762658,0.8369275101684162
raw::cLogP,raw_property,80.30303030303031,50,8.554145000000005,7.238525000000006,9.709799999999996,1.0084750428340592,0.4994511119981959,1.6917063465762658,0.9915343623503623
raw::cLogP,raw_property,83.33333333333334,50,8.599145000000004,6.907200000000006,10.016804999999993,1.0497463677022472,0.397645109965447,1.704351742165529,1.0331111792378853
raw::cLogP,raw_property,86.36363636363637,50,9.031405000000003,8.008475000000006,9.821139999999996,1.1526655166614193,0.6676619651561913,1.6474035137786731,0.9404728104656264
raw::cLogP,raw_property,89.3939393939394,50,9.03351,7.8855000000000075,10.133824999999991,1.0476447652144159,0.6526604157272682,1.461167329257478,0.9481519278658512
raw::cLogP,raw_property,92.42424242424244,50,9.479135,8.401200000000003,10.56887999999999,1.1514728144738569,0.5980076792325844,1.5814677263935666,0.9595851086457559
raw::cLogP,raw_property,95.45454545454544,50,9.769994999999996,8.643010000000002,10.49372249999999,0.9941337097216829,0.4021723227852405,1.604281619063288,0.9595851086457559
raw::cLogP,raw_property,98.48484848484848,50,9.529939999999996,8.327325000000005,10.330622499999992,1.2239051310842415,0.37865596084567255,1.768319067601422,1.1225338861047711
raw::cLogP,raw_property,101.5151515151515,50,9.860509999999996,8.433000000000005,11.392699999999984,1.149383362606419,0.4325890239217378,1.9002233162763837,1.060752719497029
raw::cLogP,raw_property,104.54545454545452,50,10.232899999999994,8.8968,11.768717499999983,1.3178547704312535,0.633557943905646,1.9089207409231848,1.0973377809217575
raw::cLogP,raw_property,107.57575757575756,50,10.72044499999999,9.468694999999997,11.577899999999984,1.4578505730259623,0.6773312730850889,2.0801192655837317,1.3754379737150935
raw::cLogP,raw_property,110.60606060606062,50,10.549594999999993,9.463099999999995,12.24897499999998,1.3945572985607138,0.8084842657824405,2.055250954384213,1.2381382342001486
raw::cLogP,raw_property,113.63636363636364,50,11.297849999999986,9.910372499999996,13.335797499999973,1.6521127695262394,0.8222630356403813,2.409770826198373,1.531052637396412
raw::cLogP,raw_property,116.66666666666669,50,11.74689999999998,10.182642499999991,16.591974999999962,1.942071290909075,1.0898737054013372,2.903727894795648,1.8787353663570867
raw::cLogP,raw_property,119.69696969696967,50,11.97689499999998,10.155017499999992,17.268699999999964,1.9572302884741406,1.1054928686072731,3.021304146718328,1.8964556634589635
raw::cLogP,raw_property,122.72727272727276,50,12.21789999999998,10.597949999999992,18.494814999999985,1.961724242131778,1.1337751330617163,3.2464296680161,1.806494134768284
raw::cLogP,raw_property,125.75757575757576,50,13.104299999999975,10.29317499999999,36.42321500000001,2.50326734143702,1.3163337593937565,5.559970957202106,2.6614253103048275
raw::cLogP,raw_property,128.7878787878788,50,13.195999999999975,10.885297499999988,36.15487500000002,2.365502046683599,1.4056686352231966,5.629489699674565,2.855551722306825
raw::cLogP,raw_property,131.8181818181818,50,18.17345999999997,11.329499999999983,38.085134999999994,3.355677070805643,1.6800153883603133,8.345119314363119,3.641187684894437
raw::cLogP,raw_property,134.84848484848487,50,20.341249999999995,10.679992499999988,41.404917499999925,3.0504214229058073,1.6243053881891423,9.008921464914083,3.934940577732787
raw::cLogP,raw_property,137.87878787878788,50,27.875850000000064,11.547542499999983,44.56819999999988,3.1898173040282076,1.9424532777905812,10.710472068513536,3.979651458269431
raw::cLogP,raw_property,140.90909090909088,50,34.82980000000004,10.17944999999999,48.813599999999795,5.040886973307419,1.5511168478829114,13.234689795872315,5.1207709810591275
raw::cLogP,raw_property,143.93939393939394,50,36.64114000000002,11.73367499999998,51.198374999999764,6.337664477616308,2.117926081288849,14.941786313374468,6.570711533053546
raw::cLogP,raw_property,146.96969696969694,50,45.805694999999844,12.12314999999998,53.23694999999972,10.67059760197317,1.8675312783006128,16.49448988104651,10.036181593877838
raw::cLogP,raw_property,150.0,50,47.126599999999826,19.996449999999996,55.17724999999969,11.419186656430043,3.5767534016550977,16.700131273010435,10.838944092384864
residual::cLogP,residual_property,-150.0,50,-2.4216699999999967,-3.142769999999996,-1.2796449999999995,-1.7846216884393156,-2.49737030464527,-0.9789895130314268,-1.958129765151978
residual::cLogP,residual_property,-146.96969696969697,50,-2.4322099999999978,-3.8832449999999987,-1.5321699999999985,-1.924102777113083,-2.9347931029861143,-1.1114360577455433,-2.2066532402515495
residual::cLogP,residual_property,-143.93939393939394,50,-2.2211599999999967,-3.0339449999999974,-1.5321699999999985,-1.8053108193716592,-2.8281499083737174,-1.2510678683148182,-2.1499109728640704
residual::cLogP,residual_property,-140.9090909090909,50,-2.106809999999999,-3.006394999999998,-1.4814024999999986,-1.7842453750894887,-2.7870455146192947,-1.140626678960833,-2.120287028847823
residual::cLogP,residual_property,-137.87878787878788,50,-2.1806199999999993,-2.88378,-1.14907,-1.8298357097628541,-2.684445318689441,-0.9451627225776923,-1.8007333502978518
residual::cLogP,residual_property,-134.84848484848484,50,-2.1962199999999994,-2.8730750000000005,-1.3482399999999999,-1.946072857286888,-2.661116207572906,-1.1008327950680161,-1.9847064988724528
residual::cLogP,residual_property,-131.8181818181818,50,-2.3018699999999983,-3.1699699999999984,-1.556394999999998,-2.033763245002887,-2.889641291336858,-1.4354158887417254,-2.201029414308766
residual::cLogP,residual_property,-128.78787878787878,50,-2.3022099999999983,-3.400464999999995,-1.4916899999999977,-2.2103164949595793,-3.0386072358482155,-1.467226639112281,-2.3032486647015786
residual::cLogP,residual_property,-125.75757575757576,50,-1.9184099999999975,-3.056644999999997,-1.362625,-1.7934184357754295,-2.897508331422371,-1.2043588002744783,-2.2258515896223527
residual::cLogP,residual_property,-122.72727272727272,50,-1.8768099999999985,-2.8090049999999973,-1.25609,-1.8272506311170091,-3.0653567630393592,-1.2399186884126556,-2.2831520602925104
residual::cLogP,residual_property,-119.69696969696967,50,-2.12505,-3.078569999999995,-1.3899449999999984,-1.931255142877647,-3.249000229742236,-1.3788643896498407,-2.413022214466619
residual::cLogP,residual_property,-116.66666666666666,50,-2.1348100000000008,-2.8748024999999964,-1.2348949999999999,-2.2487735095568255,-3.2235496794058074,-1.0660660405737692,-2.354679732914901
residual::cLogP,residual_property,-113.63636363636364,50,-1.8148499999999987,-3.0268124999999984,-0.8407824999999982,-2.2060854055316463,-3.12589867270168,-0.9400371187018159,-2.371007847848172
residual::cLogP,residual_property,-110.6060606060606,50,-1.8148499999999987,-2.694444999999998,-0.904645,-1.8586762476463707,-3.0971994558274156,-0.858365347763455,-2.1232961056537487
residual::cLogP,residual_property,-107.57575757575758,50,-2.16111,-2.4783624999999967,-0.9730775,-1.857467343767574,-3.3816595300810217,-1.1629598666084988,-2.1025923119872494
residual::cLogP,residual_property,-104.54545454545456,50,-1.620099999999998,-2.827139999999997,-0.9113949999999974,-1.901098570367941,-2.973152718606566,-1.0617298099113608,-2.1400691920899804
residual::cLogP,residual_property,-101.51515151515152,50,-2.243564999999996,-2.977679999999996,-1.0295624999999984,-2.264998719853777,-3.1205320567709793,-1.159837250223065,-2.098712933553096
residual::cLogP,residual_property,-98.48484848484848,50,-1.9374149999999974,-3.2728824999999975,-0.7023300000000001,-2.3550315229108607,-3.322316487041885,-1.159837250223065,-2.181452701442362
residual::cLogP,residual_property,-95.45454545454544,50,-1.6499499999999958,-2.6864149999999967,-0.5569649999999997,-2.184422788831636,-2.8340852055825163,-1.3511894570627803,-2.318402027513816
residual::cLogP,residual_property,-92.42424242424242,50,-1.4281599999999988,-2.332199999999994,-0.48179999999999995,-1.9464821847121583,-2.7288024761383993,-0.9357796598501218,-2.318402027513816
residual::cLogP,residual_property,-89.39393939393939,50,-1.3173099999999955,-2.0386674999999967,-0.41532,-1.869838530842561,-2.636775642219706,-1.3448414386138496,-2.022464692054937
residual::cLogP,residual_property,-86.36363636363637,50,-1.1949099999999961,-2.116289999999996,-0.25312999999999986,-1.7747713988673612,-2.6462794135503422,-0.8769517508300322,-1.9666444333237192
residual::cLogP,residual_property,-83.33333333333333,50,-1.0377249999999973,-2.075197499999995,-0.4255150000000001,-1.7470778321064826,-2.620381921383563,-1.0895348441539539,-1.8074830709116885
residual::cLogP,residual_property,-80.3030303030303,50,-1.0762250000000009,-2.1532724999999946,-0.23407999999999626,-1.907439740986487,-3.1066471340546187,-1.1339718669367302,-2.1023281375202734
residual::cLogP,residual_property,-77.27272727272728,50,-1.314109999999999,-2.2357549999999975,-0.4166249999999994,-2.1892767576421486,-3.1179992223224557,-1.2247508374619682,-2.3341297010112356
residual::cLogP,residual_property,-74.24242424242425,50,-1.0174600000000003,-1.8564974999999964,-0.11682499999999568,-1.9941307564647575,-2.9268009566002764,-1.2166020560653878,-2.2010399209688982
residual::cLogP,residual_property,-71.21212121212122,50,-0.8288499999999993,-1.7905649999999969,0.14145000000000124,-1.8499874050102636,-2.7963794410964775,-1.2057974813540975,-2.1734030600035927
residual::cLogP,residual_property,-68.18181818181819,50,-0.5953049999999986,-1.7613824999999974,0.2029999999999999,-2.0261531048890475,-2.5994852900916916,-0.8935551705788818,-2.1147106888930285
residual::cLogP,residual_property,-65.15151515151516,50,-0.8786249999999989,-1.896039999999996,0.33547500000000097,-1.8657293376236614,-2.720316928033273,-1.0141687560591228,-2.0373185737848427
residual::cLogP,residual_property,-62.121212121212125,50,-0.5562999999999978,-1.4959424999999973,0.8532725000000004,-1.7265057404931201,-2.5482811009182376,-0.9088881413954573,-1.8861805500162525
residual::cLogP,residual_property,-59.09090909090909,50,-0.42884999999999973,-1.1268574999999983,0.8294925000000021,-1.6941811186388733,-2.510178513819682,-0.7267652412437196,-1.8990838445441445
residual::cLogP,residual_property,-56.06060606060606,50,-0.06590000000000021,-0.7101500000000001,0.9515200000000003,-1.3620020862358697,-2.180726569162061,-0.718987458956059,-1.5083180779958636
residual::cLogP,residual_property,-53.03030303030303,50,0.14839500000000072,-0.7014274999999981,1.4696675,-1.263097306300609,-2.3715864166299174,-0.48377910465338636,-1.2257158224923175
residual::cLogP,residual_property,-50.0,50,0.69765,-0.22004999999999958,1.5857125,-1.0039932529972995,-1.7428161656374233,-0.3659012481943658,-1.084567554769929
residual::cLogP,residual_property,-46.96969696969697,50,1.0407000000000006,-0.20217499999999888,1.825175,-1.0246534358659936,-1.7516942363825678,-0.3659012481943658,-0.9530427660836914
residual::cLogP,residual_property,-43.93939393939394,50,1.3745,0.2222750000000001,2.125985,-0.9033239292293357,-1.5595896828141766,-0.228734987725144,-1.0149787930583811
residual::cLogP,residual_property,-40.90909090909091,50,1.2727,0.3641675,2.255075,-0.9301291145823625,-1.676142578480422,-0.24315598591746984,-1.091724213729791
residual::cLogP,residual_property,-37.87878787878788,50,2.004,0.8238099999999998,2.768075000000001,-0.5576986242501835,-1.280065804667918,-0.04252872407095987,-0.7573548251362217
residual::cLogP,residual_property,-34.848484848484844,50,2.11179,1.0191000000000001,2.9873900000000013,-0.48043585319126314,-1.2603549356679498,0.031663853736865144,-0.6782653270022154
residual::cLogP,residual_property,-31.818181818181813,50,2.18804,1.2669,2.8960650000000014,-0.43303426707628434,-1.280065804667918,-0.004060005392787502,-0.5001486579161558
residual::cLogP,residual_property,-28.787878787878785,50,2.7321900000000006,1.46445,3.8856250000000028,-0.1482085674534142,-0.7324705723594659,0.20757286209851633,0.0
residual::cLogP,residual_property,-25.757575757575765,50,2.8214000000000006,1.70552,3.962745000000002,-0.16319226933176983,-0.7925537499408675,0.33997413765473805,0.0
residual::cLogP,residual_property,-22.727272727272734,50,2.863950000000001,1.7789149999999996,4.233450000000003,-0.040584041377784486,-0.49634467904144175,0.5237518406761474,0.0
residual::cLogP,residual_property,-19.69696969696969,50,2.9625100000000013,2.2268500000000007,4.299875000000003,0.07445225308987147,-0.355708382786349,0.5181794543268439,0.0
residual::cLogP,residual_property,-16.666666666666657,50,3.0412000000000017,2.29035,4.299875000000003,0.07445225308987147,-0.355708382786349,0.5181794543268439,0.0
residual::cLogP,residual_property,-13.636363636363626,50,3.080950000000002,2.29035,4.505040000000004,0.09512350235165457,-0.3357749959526535,0.5736028282612629,0.0
residual::cLogP,residual_property,-10.606060606060597,50,3.080950000000002,2.3599250000000005,4.505040000000004,0.09512350235165457,-0.3357749959526535,0.5736028282612629,0.0
residual::cLogP,residual_property,-7.575757575757564,50,3.080950000000002,2.3599250000000005,4.505040000000004,0.09512350235165457,-0.3357749959526535,0.5736028282612629,0.0
residual::cLogP,residual_property,-4.545454545454561,50,3.080950000000002,2.3599250000000005,4.505040000000004,0.09512350235165457,-0.3357749959526535,0.5736028282612629,0.0
residual::cLogP,residual_property,-1.5151515151515298,50,3.115740000000002,2.3599250000000005,4.505040000000004,0.13549777133547147,-0.2989069351589302,0.5736028282612629,0.0
residual::cLogP,residual_property,1.5151515151515014,50,3.115740000000002,2.3599250000000005,4.505040000000004,0.13549777133547147,-0.2989069351589302,0.5736028282612629,0.0
residual::cLogP,residual_property,4.5454545454545325,50,3.115740000000002,2.3599250000000005,4.505040000000004,0.13549777133547147,-0.2989069351589302,0.5736028282612629,0.0
residual::cLogP,residual_property,7.575757575757564,50,3.115740000000002,2.3599250000000005,4.505040000000004,0.13549777133547147,-0.2989069351589302,0.5736028282612629,0.0
residual::cLogP,residual_property,10.606060606060597,50,3.115740000000002,2.3599250000000005,4.505040000000004,0.13549777133547147,-0.2989069351589302,0.5736028282612629,0.0
residual::cLogP,residual_property,13.636363636363626,50,3.115740000000002,2.410275000000001,4.505040000000004,0.13549777133547147,-0.2989069351589302,0.5736028282612629,0.0
residual::cLogP,residual_property,16.666666666666657,50,3.115740000000002,2.410275000000001,4.505040000000004,0.13549777133547147,-0.2989069351589302,0.5736028282612629,0.0
residual::cLogP,residual_property,19.69696969696969,50,3.304940000000002,2.410275000000001,4.299875000000003,0.13549777133547147,-0.2745316198707284,0.5181794543268439,0.0
residual::cLogP,residual_property,22.72727272727272,50,3.495150000000002,2.410275000000001,4.299875000000003,0.1628453846400708,-0.2745316198707284,0.5736028282612629,0.0
residual::cLogP,residual_property,25.75757575757575,50,3.763900000000003,2.4311750000000005,4.644805000000003,0.1597810254730585,-0.2745316198707284,0.7600152169943781,0.0
residual::cLogP,residual_property,28.787878787878785,50,3.763900000000003,2.586000000000001,5.039075000000004,0.13549777133547147,-0.2989069351589302,0.7976993320841701,0.0
residual::cLogP,residual_property,31.818181818181813,50,3.9507400000000024,2.718375000000001,5.296125000000004,0.1665902855608108,-0.2745316198707284,0.8014968917798884,0.0
residual::cLogP,residual_property,34.848484848484844,50,4.135840000000003,3.081150000000002,5.433200000000005,0.29198823720975464,-0.07853840783278832,0.9050071136607254,0.11118393206584587
residual::cLogP,residual_property,37.87878787878788,50,4.251590000000003,3.165300000000002,5.7172500000000035,0.3469616454616835,-0.09506532001797952,0.9483248793769059,0.1250667287560232
residual::cLogP,residual_property,40.90909090909091,50,4.682120000000004,3.276842500000002,6.360325000000005,0.3469616454616835,-0.12317804047196623,1.1427132579193067,0.13073312950267457
residual::cLogP,residual_property,43.93939393939394,50,5.054410000000004,3.357992500000002,6.482920000000005,0.6621742270281974,0.11260944246936933,1.2701324010038344,0.3035457760156844
residual::cLogP,residual_property,46.96969696969697,50,5.079750000000004,3.4453000000000022,6.4307400000000055,0.3665697376685526,-0.03880500979435797,1.1244515689179844,0.4491947374131593
residual::cLogP,residual_property,50.0,50,5.483250000000005,3.488900000000002,6.615180000000006,0.7748202561186472,0.15105934408562316,1.2657657101016209,0.5978851342692535
residual::cLogP,residual_property,53.03030303030303,50,5.461845000000004,3.5495250000000027,6.980775000000005,0.7584846310529134,0.256391261952152,1.2955056471567787,0.5911425225690596
residual::cLogP,residual_property,56.06060606060606,50,5.137150000000004,3.6044250000000035,6.952925000000006,0.6457606641937443,0.23057657727314362,1.2223070970273298,0.5911425225690596
residual::cLogP,residual_property,59.09090909090909,50,5.320490000000005,3.855125000000002,7.251255000000007,0.8330783151144505,0.1731139014078018,1.4459417732561142,0.7311617316931083
residual::cLogP,residual_property,62.121212121212125,50,5.820990000000005,4.451665000000004,7.135475000000006,0.9972482148794484,0.14850784853629473,1.6713624171348387,0.8744294730310513
residual::cLogP,residual_property,65.15151515151516,50,5.849500000000004,4.727672500000003,7.309675000000006,0.9671421590241369,0.6987735402860962,1.7511049592890617,1.0736013760570602
residual::cLogP,residual_property,68.18181818181819,50,5.849500000000004,4.710850000000003,7.309675000000006,1.0513381455056305,0.49544848815281006,1.7726802605980942,1.055918345643117
residual::cLogP,residual_property,71.21212121212122,50,5.934350000000006,4.413490000000003,7.309675000000006,0.9671421590241369,0.45525483559426294,1.4685098426484209,0.989906262268802
residual::cLogP,residual_property,74.24242424242425,50,5.9537500000000065,4.413490000000003,7.197150000000006,0.9883429903332877,0.7049161521148449,1.4987927919457515,1.0358472015247324
residual::cLogP,residual_property,77.27272727272728,50,6.217350000000004,4.679575000000003,7.411250000000004,0.8615788699495894,0.3606387056125375,1.5065723316641555,1.0035118503694496
residual::cLogP,residual_property,80.30303030303031,50,6.203300000000006,4.742150000000003,7.7357500000000075,0.950775650719724,0.049379357812998736,1.3982894575723195,0.8696425578781701
residual::cLogP,residual_property,83.33333333333334,50,6.345350000000005,4.821305000000004,7.587915000000005,0.901613690579774,0.35172644430708266,1.3708450954431435,0.7934437358519375
residual::cLogP,residual_property,86.36363636363637,50,6.734850000000005,5.410075000000005,7.968625000000004,0.8292468957868862,0.3273529824751997,1.4456382577321962,0.8824902902822518
residual::cLogP,residual_property,89.3939393939394,50,6.982700000000003,5.501840000000005,8.073400000000005,0.9707920013373594,0.34430400426097374,1.4816927087369542,0.9955900226762582
residual::cLogP,residual_property,92.42424242424244,50,7.049950000000006,5.366675000000004,8.075625000000006,1.0189176218071028,0.382585131649815,1.4844123562166904,0.9589409031428231
residual::cLogP,residual_property,95.45454545454544,50,7.160850000000005,5.076800000000004,8.137250000000005,0.9799466750862651,0.27383882433069506,1.7054873108086221,0.9501090441387741
residual::cLogP,residual_property,98.48484848484848,50,7.015100000000006,5.333990000000005,8.596642500000002,0.9758747023627907,0.18489689804742682,1.7290505778997203,0.9501090441387741
residual::cLogP,residual_property,101.5151515151515,50,7.909100000000006,5.6654000000000035,9.0527,0.9758747023627907,0.22130283524893724,1.697142436817117,0.8800064753082615
residual::cLogP,residual_property,104.54545454545452,50,7.858050000000007,5.392340000000004,9.355199999999996,0.9506320991328625,0.3084314721261472,1.8542472763994011,0.8800064753082615
residual::cLogP,residual_property,107.57575757575756,50,7.890750000000005,6.088065000000006,9.283114999999995,1.014611194053952,0.5585564350216441,1.558853464644286,0.9151075291702293
residual::cLogP,residual_property,110.60606060606062,50,8.660350000000001,7.172800000000008,9.590274999999995,1.0953590716193937,0.3491262965445192,1.9406536423621439,0.9467404207985097
residual::cLogP,residual_property,113.63636363636364,50,8.605950000000002,6.528800000000006,10.063849999999992,1.2695754924759965,0.33600261510520824,2.0715985240970687,0.9478896955757166
residual::cLogP,residual_property,116.66666666666669,50,9.17465,7.413850000000007,10.718349999999988,1.3487146920941986,0.6672819902602678,2.0135567973324378,1.2231514651695734
residual::cLogP,residual_property,119.69696969696967,50,9.329199999999998,8.192700000000004,10.767324999999987,1.3694024622279124,0.5050783821542888,1.9651005051609565,1.0197167803473637
residual::cLogP,residual_property,122.72727272727276,50,9.753599999999995,8.226587500000006,11.359974999999984,1.221499498100378,0.6599059377065386,2.4996857867766753,1.2300120144479318
residual::cLogP,residual_property,125.75757575757576,50,10.231159999999992,8.732025000000002,12.043099999999981,1.6547919510460698,0.7590271150904782,2.786366518623165,1.506727612374089
residual::cLogP,residual_property,128.7878787878788,50,10.60264999999999,9.1103,13.025674999999975,1.8313459244375503,0.8565636067526334,2.883062556037304,1.8628233990925551
residual::cLogP,residual_property,131.8181818181818,50,11.068499999999986,9.309549999999998,13.620874999999971,1.709321953204027,0.9885161953388288,3.284393679122124,1.8634153658831496
residual::cLogP,residual_property,134.84848484848487,50,10.901949999999989,9.100747500000004,13.749874999999971,1.7318116615893242,0.9597734545564869,2.671541620830301,1.6593875626796548
residual::cLogP,residual_property,137.87878787878788,50,11.543999999999983,9.588367499999997,14.967249999999963,1.9069049305604757,1.228892645164505,3.9316107126549276,1.971432538047273
residual::cLogP,residual_property,140.90909090909088,50,12.349999999999977,10.288074999999989,20.05174999999999,2.1379907683998027,1.4292510754538088,5.255584763482097,2.198023013180096
residual::cLogP,residual_property,143.93939393939394,50,13.27579999999997,10.114149999999992,43.256699999999896,2.405701090516195,1.4255839156264556,9.544941414670557,2.363327370886582
residual::cLogP,residual_property,146.96969696969694,50,14.147849999999966,10.485154999999988,47.076074999999825,2.4592171452738976,1.441380921564672,12.533234071054999,2.422555454770049
residual::cLogP,residual_property,150.0,50,16.782149999999962,11.609947499999981,55.48249999999968,3.8296909599796445,1.718973989908518,16.14522528350625,4.262429529416107
