property,extreme_class,class_label,rank_after_seeded_shuffle,global_row_index,property_value,used_for_svm_fit
FractionCSP3,high,1,0,13804,1.0,True
FractionCSP3,high,1,1,2620,1.0,True
FractionCSP3,high,1,2,9824,1.0,True
FractionCSP3,high,1,3,4232,1.0,True
FractionCSP3,high,1,4,3576,1.0,True
FractionCSP3,high,1,5,1223,1.0,True
FractionCSP3,high,1,6,6957,1.0,True
FractionCSP3,high,1,7,16056,1.0,True
FractionCSP3,high,1,8,13616,1.0,True
FractionCSP3,high,1,9,4946,1.0,True
FractionCSP3,high,1,10,2097,1.0,True
FractionCSP3,high,1,11,16527,1.0,True
FractionCSP3,high,1,12,9068,1.0,True
FractionCSP3,high,1,13,2344,1.0,True
FractionCSP3,high,1,14,13122,1.0,True
FractionCSP3,high,1,15,18053,1.0,True
FractionCSP3,high,1,16,17373,1.0,True
FractionCSP3,high,1,17,3549,1.0,True
FractionCSP3,high,1,18,12753,1.0,True
FractionCSP3,high,1,19,4630,1.0,True
FractionCSP3,high,1,20,10426,1.0,True
FractionCSP3,high,1,21,17371,1.0,True
FractionCSP3,high,1,22,14211,1.0,True
FractionCSP3,high,1,23,11798,1.0,True
FractionCSP3,high,1,24,17091,1.0,True
FractionCSP3,high,1,25,13877,1.0,True
FractionCSP3,high,1,26,2451,1.0,True
FractionCSP3,high,1,27,17981,1.0,True
FractionCSP3,high,1,28,13369,1.0,True
FractionCSP3,high,1,29,15032,1.0,True
FractionCSP3,high,1,30,6666,1.0,True
FractionCSP3,high,1,31,6441,1.0,True
FractionCSP3,high,1,32,9047,1.0,True
FractionCSP3,high,1,33,4643,1.0,True
FractionCSP3,high,1,34,1376,1.0,True
FractionCSP3,high,1,35,8096,1.0,True
FractionCSP3,high,1,36,13718,1.0,True
FractionCSP3,high,1,37,12200,1.0,True
FractionCSP3,high,1,38,16443,1.0,True
FractionCSP3,high,1,39,8337,1.0,True
FractionCSP3,high,1,40,17293,1.0,True
FractionCSP3,high,1,41,3066,1.0,True
FractionCSP3,high,1,42,491,1.0,True
FractionCSP3,high,1,43,2848,1.0,True
FractionCSP3,high,1,44,16302,1.0,True
FractionCSP3,high,1,45,6129,1.0,True
FractionCSP3,high,1,46,8875,1.0,True
FractionCSP3,high,1,47,1356,1.0,True
FractionCSP3,high,1,48,4903,1.0,True
FractionCSP3,high,1,49,7566,1.0,True
FractionCSP3,high,1,50,7502,1.0,True
FractionCSP3,high,1,51,8559,1.0,True
FractionCSP3,high,1,52,7917,1.0,True
FractionCSP3,high,1,53,2709,1.0,True
FractionCSP3,high,1,54,9202,1.0,True
FractionCSP3,high,1,55,12466,1.0,True
FractionCSP3,high,1,56,16637,1.0,True
FractionCSP3,high,1,57,8157,1.0,True
FractionCSP3,high,1,58,471,1.0,True
FractionCSP3,high,1,59,7735,1.0,True
FractionCSP3,high,1,60,3055,1.0,True
FractionCSP3,high,1,61,534,1.0,True
FractionCSP3,high,1,62,13050,1.0,True
FractionCSP3,high,1,63,7500,1.0,True
FractionCSP3,high,1,64,6242,1.0,True
FractionCSP3,high,1,65,9028,1.0,True
FractionCSP3,high,1,66,4924,1.0,True
FractionCSP3,high,1,67,5946,1.0,True
FractionCSP3,high,1,68,4787,1.0,True
FractionCSP3,high,1,69,2781,1.0,True
FractionCSP3,high,1,70,14119,1.0,True
FractionCSP3,high,1,71,1654,1.0,True
FractionCSP3,high,1,72,9270,1.0,True
FractionCSP3,high,1,73,10206,1.0,True
FractionCSP3,high,1,74,296,1.0,True
FractionCSP3,high,1,75,18197,1.0,True
FractionCSP3,high,1,76,7829,1.0,True
FractionCSP3,high,1,77,5593,1.0,True
FractionCSP3,high,1,78,9774,1.0,True
FractionCSP3,high,1,79,7329,1.0,True
FractionCSP3,high,1,80,3653,1.0,True
FractionCSP3,high,1,81,11816,1.0,True
FractionCSP3,high,1,82,15470,1.0,True
FractionCSP3,high,1,83,16912,1.0,True
FractionCSP3,high,1,84,1708,1.0,True
FractionCSP3,high,1,85,14623,1.0,True
FractionCSP3,high,1,86,11229,1.0,True
FractionCSP3,high,1,87,560,1.0,True
FractionCSP3,high,1,88,7572,1.0,True
FractionCSP3,high,1,89,10886,1.0,True
FractionCSP3,high,1,90,4502,1.0,True
FractionCSP3,high,1,91,16374,1.0,True
FractionCSP3,high,1,92,12634,1.0,True
FractionCSP3,high,1,93,10577,1.0,True
FractionCSP3,high,1,94,11218,1.0,True
FractionCSP3,high,1,95,17430,1.0,True
FractionCSP3,high,1,96,13336,1.0,True
FractionCSP3,high,1,97,12196,1.0,True
FractionCSP3,high,1,98,9195,1.0,True
FractionCSP3,high,1,99,16028,1.0,True
FractionCSP3,high,1,100,17973,1.0,True
FractionCSP3,high,1,101,7550,1.0,True
FractionCSP3,high,1,102,4176,1.0,True
FractionCSP3,high,1,103,7942,1.0,True
FractionCSP3,high,1,104,11593,1.0,True
FractionCSP3,high,1,105,1963,1.0,True
FractionCSP3,high,1,106,17618,1.0,True
FractionCSP3,high,1,107,6917,1.0,True
FractionCSP3,high,1,108,14153,1.0,True
FractionCSP3,high,1,109,10400,1.0,True
FractionCSP3,high,1,110,16547,1.0,True
FractionCSP3,high,1,111,6553,1.0,True
FractionCSP3,high,1,112,18135,1.0,True
FractionCSP3,high,1,113,9232,1.0,True
FractionCSP3,high,1,114,7944,1.0,True
FractionCSP3,high,1,115,8690,1.0,True
FractionCSP3,high,1,116,6635,1.0,True
FractionCSP3,high,1,117,10231,1.0,True
FractionCSP3,high,1,118,2168,1.0,True
FractionCSP3,high,1,119,13729,1.0,True
FractionCSP3,high,1,120,8143,1.0,True
FractionCSP3,high,1,121,8334,1.0,True
FractionCSP3,high,1,122,7769,1.0,True
FractionCSP3,high,1,123,15471,1.0,True
FractionCSP3,high,1,124,5376,1.0,True
FractionCSP3,high,1,125,5830,1.0,True
FractionCSP3,high,1,126,16484,1.0,True
FractionCSP3,high,1,127,8624,1.0,True
FractionCSP3,high,1,128,6516,1.0,True
FractionCSP3,high,1,129,14802,1.0,True
FractionCSP3,high,1,130,13660,1.0,True
FractionCSP3,high,1,131,10887,1.0,True
FractionCSP3,high,1,132,16883,1.0,True
FractionCSP3,high,1,133,10001,1.0,True
FractionCSP3,high,1,134,6639,1.0,True
FractionCSP3,high,1,135,15698,1.0,True
FractionCSP3,high,1,136,1557,1.0,True
FractionCSP3,high,1,137,9986,1.0,True
FractionCSP3,high,1,138,13219,1.0,True
FractionCSP3,high,1,139,5723,1.0,True
FractionCSP3,high,1,140,312,1.0,False
FractionCSP3,high,1,141,3906,1.0,False
FractionCSP3,high,1,142,10495,1.0,False
FractionCSP3,high,1,143,1928,1.0,False
FractionCSP3,high,1,144,16751,1.0,False
FractionCSP3,high,1,145,4857,1.0,False
FractionCSP3,high,1,146,6784,1.0,False
FractionCSP3,high,1,147,14753,1.0,False
FractionCSP3,high,1,148,3815,1.0,False
FractionCSP3,high,1,149,6269,1.0,False
FractionCSP3,high,1,150,15801,1.0,False
FractionCSP3,high,1,151,11637,1.0,False
FractionCSP3,high,1,152,14103,1.0,False
FractionCSP3,high,1,153,9051,1.0,False
FractionCSP3,high,1,154,14604,1.0,False
FractionCSP3,high,1,155,1585,1.0,False
FractionCSP3,high,1,156,12916,1.0,False
FractionCSP3,high,1,157,4111,1.0,False
FractionCSP3,high,1,158,16250,1.0,False
FractionCSP3,high,1,159,5478,1.0,False
FractionCSP3,high,1,160,4961,1.0,False
FractionCSP3,high,1,161,14864,1.0,False
FractionCSP3,high,1,162,2286,1.0,False
FractionCSP3,high,1,163,15889,1.0,False
FractionCSP3,high,1,164,1844,1.0,False
FractionCSP3,high,1,165,5398,1.0,False
FractionCSP3,high,1,166,9203,1.0,False
FractionCSP3,high,1,167,12739,1.0,False
FractionCSP3,high,1,168,2930,1.0,False
FractionCSP3,high,1,169,1915,1.0,False
FractionCSP3,high,1,170,4167,1.0,False
FractionCSP3,high,1,171,16842,1.0,False
FractionCSP3,high,1,172,3163,1.0,False
FractionCSP3,high,1,173,2890,1.0,False
FractionCSP3,high,1,174,5326,1.0,False
FractionCSP3,high,1,175,3241,1.0,False
FractionCSP3,high,1,176,6845,1.0,False
FractionCSP3,high,1,177,4554,1.0,False
FractionCSP3,high,1,178,1196,1.0,False
FractionCSP3,high,1,179,8982,1.0,False
FractionCSP3,high,1,180,16404,1.0,False
FractionCSP3,high,1,181,12810,1.0,False
FractionCSP3,high,1,182,16802,1.0,False
FractionCSP3,high,1,183,3860,1.0,False
FractionCSP3,high,1,184,9205,1.0,False
FractionCSP3,high,1,185,2201,1.0,False
FractionCSP3,high,1,186,2049,1.0,False
FractionCSP3,high,1,187,14895,1.0,False
FractionCSP3,high,1,188,5829,1.0,False
FractionCSP3,high,1,189,4364,1.0,False
FractionCSP3,high,1,190,9565,1.0,False
FractionCSP3,high,1,191,12890,1.0,False
FractionCSP3,high,1,192,16730,1.0,False
FractionCSP3,high,1,193,1812,1.0,False
FractionCSP3,high,1,194,12898,1.0,False
FractionCSP3,high,1,195,17931,1.0,False
FractionCSP3,high,1,196,3477,1.0,False
FractionCSP3,high,1,197,8452,1.0,False
FractionCSP3,high,1,198,17917,1.0,False
FractionCSP3,high,1,199,12723,1.0,False
FractionCSP3,low,0,0,1675,0.0,True
FractionCSP3,low,0,1,187,0.0,True
FractionCSP3,low,0,2,3041,0.0,True
FractionCSP3,low,0,3,10427,0.0,True
FractionCSP3,low,0,4,1892,0.0,True
FractionCSP3,low,0,5,6804,0.0,True
FractionCSP3,low,0,6,6349,0.0,True
FractionCSP3,low,0,7,3929,0.0,True
FractionCSP3,low,0,8,7703,0.0,True
FractionCSP3,low,0,9,4838,0.0,True
FractionCSP3,low,0,10,9900,0.0,True
FractionCSP3,low,0,11,7178,0.0,True
FractionCSP3,low,0,12,3720,0.0,True
FractionCSP3,low,0,13,7972,0.0,True
FractionCSP3,low,0,14,1391,0.0,True
FractionCSP3,low,0,15,3022,0.0,True
FractionCSP3,low,0,16,7136,0.0,True
FractionCSP3,low,0,17,3009,0.0,True
FractionCSP3,low,0,18,8285,0.0,True
FractionCSP3,low,0,19,7782,0.0,True
FractionCSP3,low,0,20,6885,0.0,True
FractionCSP3,low,0,21,9996,0.0,True
FractionCSP3,low,0,22,92,0.0,True
FractionCSP3,low,0,23,5206,0.0,True
FractionCSP3,low,0,24,3063,0.0,True
FractionCSP3,low,0,25,10595,0.0,True
FractionCSP3,low,0,26,8276,0.0,True
FractionCSP3,low,0,27,6332,0.0,True
FractionCSP3,low,0,28,8402,0.0,True
FractionCSP3,low,0,29,3179,0.0,True
FractionCSP3,low,0,30,11053,0.0,True
FractionCSP3,low,0,31,3586,0.0,True
FractionCSP3,low,0,32,8793,0.0,True
FractionCSP3,low,0,33,7057,0.0,True
FractionCSP3,low,0,34,7003,0.0,True
FractionCSP3,low,0,35,8948,0.0,True
FractionCSP3,low,0,36,8280,0.0,True
FractionCSP3,low,0,37,559,0.0,True
FractionCSP3,low,0,38,9154,0.0,True
FractionCSP3,low,0,39,7927,0.0,True
FractionCSP3,low,0,40,363,0.0,True
FractionCSP3,low,0,41,26,0.0,True
FractionCSP3,low,0,42,259,0.0,True
FractionCSP3,low,0,43,3498,0.0,True
FractionCSP3,low,0,44,3934,0.0,True
FractionCSP3,low,0,45,7300,0.0,True
FractionCSP3,low,0,46,7792,0.0,True
FractionCSP3,low,0,47,6969,0.0,True
FractionCSP3,low,0,48,7753,0.0,True
FractionCSP3,low,0,49,6109,0.0,True
FractionCSP3,low,0,50,7625,0.0,True
FractionCSP3,low,0,51,4736,0.0,True
FractionCSP3,low,0,52,3759,0.0,True
FractionCSP3,low,0,53,7469,0.0,True
FractionCSP3,low,0,54,2555,0.0,True
FractionCSP3,low,0,55,11028,0.0,True
FractionCSP3,low,0,56,3620,0.0,True
FractionCSP3,low,0,57,8141,0.0,True
FractionCSP3,low,0,58,8529,0.0,True
FractionCSP3,low,0,59,9325,0.0,True
FractionCSP3,low,0,60,5137,0.0,True
FractionCSP3,low,0,61,8994,0.0,True
FractionCSP3,low,0,62,9759,0.0,True
FractionCSP3,low,0,63,4850,0.0,True
FractionCSP3,low,0,64,6571,0.0,True
FractionCSP3,low,0,65,4348,0.0,True
FractionCSP3,low,0,66,9162,0.0,True
FractionCSP3,low,0,67,9634,0.0,True
FractionCSP3,low,0,68,9592,0.0,True
FractionCSP3,low,0,69,8415,0.0,True
FractionCSP3,low,0,70,1039,0.0,True
FractionCSP3,low,0,71,3727,0.0,True
FractionCSP3,low,0,72,1571,0.0,True
FractionCSP3,low,0,73,7690,0.0,True
FractionCSP3,low,0,74,660,0.0,True
FractionCSP3,low,0,75,903,0.0,True
FractionCSP3,low,0,76,4055,0.0,True
FractionCSP3,low,0,77,9297,0.0,True
FractionCSP3,low,0,78,5860,0.0,True
FractionCSP3,low,0,79,3613,0.0,True
FractionCSP3,low,0,80,6761,0.0,True
FractionCSP3,low,0,81,4725,0.0,True
FractionCSP3,low,0,82,5403,0.0,True
FractionCSP3,low,0,83,1380,0.0,True
FractionCSP3,low,0,84,2235,0.0,True
FractionCSP3,low,0,85,6085,0.0,True
FractionCSP3,low,0,86,5792,0.0,True
FractionCSP3,low,0,87,5588,0.0,True
FractionCSP3,low,0,88,8116,0.0,True
FractionCSP3,low,0,89,11567,0.0,True
FractionCSP3,low,0,90,4069,0.0,True
FractionCSP3,low,0,91,4570,0.0,True
FractionCSP3,low,0,92,8959,0.0,True
FractionCSP3,low,0,93,156,0.0,True
FractionCSP3,low,0,94,3270,0.0,True
FractionCSP3,low,0,95,951,0.0,True
FractionCSP3,low,0,96,3940,0.0,True
FractionCSP3,low,0,97,8150,0.0,True
FractionCSP3,low,0,98,6810,0.0,True
FractionCSP3,low,0,99,6657,0.0,True
FractionCSP3,low,0,100,7177,0.0,True
FractionCSP3,low,0,101,10960,0.0,True
FractionCSP3,low,0,102,6289,0.0,True
FractionCSP3,low,0,103,5280,0.0,True
FractionCSP3,low,0,104,2215,0.0,True
FractionCSP3,low,0,105,3037,0.0,True
FractionCSP3,low,0,106,8174,0.0,True
FractionCSP3,low,0,107,4568,0.0,True
FractionCSP3,low,0,108,6522,0.0,True
FractionCSP3,low,0,109,1277,0.0,True
FractionCSP3,low,0,110,5028,0.0,True
FractionCSP3,low,0,111,1435,0.0,True
FractionCSP3,low,0,112,1841,0.0,True
FractionCSP3,low,0,113,9909,0.0,True
FractionCSP3,low,0,114,635,0.0,True
FractionCSP3,low,0,115,2349,0.0,True
FractionCSP3,low,0,116,10751,0.0,True
FractionCSP3,low,0,117,623,0.0,True
FractionCSP3,low,0,118,11479,0.0,True
FractionCSP3,low,0,119,4607,0.0,True
FractionCSP3,low,0,120,2936,0.0,True
FractionCSP3,low,0,121,4883,0.0,True
FractionCSP3,low,0,122,6010,0.0,True
FractionCSP3,low,0,123,11326,0.0,True
FractionCSP3,low,0,124,7987,0.0,True
FractionCSP3,low,0,125,949,0.0,True
FractionCSP3,low,0,126,2621,0.0,True
FractionCSP3,low,0,127,11562,0.0,True
FractionCSP3,low,0,128,2484,0.0,True
FractionCSP3,low,0,129,1464,0.0,True
FractionCSP3,low,0,130,1912,0.0,True
FractionCSP3,low,0,131,5374,0.0,True
FractionCSP3,low,0,132,5880,0.0,True
FractionCSP3,low,0,133,7000,0.0,True
FractionCSP3,low,0,134,762,0.0,True
FractionCSP3,low,0,135,8523,0.0,True
FractionCSP3,low,0,136,3983,0.0,True
FractionCSP3,low,0,137,6362,0.0,True
FractionCSP3,low,0,138,5138,0.0,True
FractionCSP3,low,0,139,11092,0.0,True
FractionCSP3,low,0,140,10309,0.0,False
FractionCSP3,low,0,141,1926,0.0,False
FractionCSP3,low,0,142,11327,0.0,False
FractionCSP3,low,0,143,8453,0.0,False
FractionCSP3,low,0,144,6713,0.0,False
FractionCSP3,low,0,145,9379,0.0,False
FractionCSP3,low,0,146,1660,0.0,False
FractionCSP3,low,0,147,11040,0.0,False
FractionCSP3,low,0,148,3040,0.0,False
FractionCSP3,low,0,149,6089,0.0,False
FractionCSP3,low,0,150,9291,0.0,False
FractionCSP3,low,0,151,2592,0.0,False
FractionCSP3,low,0,152,5334,0.0,False
FractionCSP3,low,0,153,9491,0.0,False
FractionCSP3,low,0,154,2588,0.0,False
FractionCSP3,low,0,155,6001,0.0,False
FractionCSP3,low,0,156,8610,0.0,False
FractionCSP3,low,0,157,2247,0.0,False
FractionCSP3,low,0,158,10390,0.0,False
FractionCSP3,low,0,159,6238,0.0,False
FractionCSP3,low,0,160,4687,0.0,False
FractionCSP3,low,0,161,7066,0.0,False
FractionCSP3,low,0,162,9987,0.0,False
FractionCSP3,low,0,163,7870,0.0,False
FractionCSP3,low,0,164,9911,0.0,False
FractionCSP3,low,0,165,9813,0.0,False
FractionCSP3,low,0,166,8230,0.0,False
FractionCSP3,low,0,167,7894,0.0,False
FractionCSP3,low,0,168,6433,0.0,False
FractionCSP3,low,0,169,8390,0.0,False
FractionCSP3,low,0,170,7292,0.0,False
FractionCSP3,low,0,171,10825,0.0,False
FractionCSP3,low,0,172,4158,0.0,False
FractionCSP3,low,0,173,2479,0.0,False
FractionCSP3,low,0,174,9650,0.0,False
FractionCSP3,low,0,175,3500,0.0,False
FractionCSP3,low,0,176,11502,0.0,False
FractionCSP3,low,0,177,3879,0.0,False
FractionCSP3,low,0,178,5491,0.0,False
FractionCSP3,low,0,179,9512,0.0,False
FractionCSP3,low,0,180,810,0.0,False
FractionCSP3,low,0,181,3945,0.0,False
FractionCSP3,low,0,182,11268,0.0,False
FractionCSP3,low,0,183,2787,0.0,False
FractionCSP3,low,0,184,1559,0.0,False
FractionCSP3,low,0,185,8838,0.0,False
FractionCSP3,low,0,186,7881,0.0,False
FractionCSP3,low,0,187,2083,0.0,False
FractionCSP3,low,0,188,5589,0.0,False
FractionCSP3,low,0,189,4832,0.0,False
FractionCSP3,low,0,190,5505,0.0,False
FractionCSP3,low,0,191,9875,0.0,False
FractionCSP3,low,0,192,5158,0.0,False
FractionCSP3,low,0,193,5567,0.0,False
FractionCSP3,low,0,194,10778,0.0,False
FractionCSP3,low,0,195,464,0.0,False
FractionCSP3,low,0,196,8597,0.0,False
FractionCSP3,low,0,197,69,0.0,False
FractionCSP3,low,0,198,2156,0.0,False
FractionCSP3,low,0,199,3751,0.0,False
HBA,high,1,0,89751,12.0,True
HBA,high,1,1,221957,14.0,True
HBA,high,1,2,642720,13.0,True
HBA,high,1,3,719086,14.0,True
HBA,high,1,4,613013,14.0,True
HBA,high,1,5,641289,16.0,True
HBA,high,1,6,328284,13.0,True
HBA,high,1,7,170309,12.0,True
HBA,high,1,8,77509,12.0,True
HBA,high,1,9,93401,13.0,True
HBA,high,1,10,86960,14.0,True
HBA,high,1,11,201979,12.0,True
HBA,high,1,12,580646,13.0,True
HBA,high,1,13,208371,14.0,True
HBA,high,1,14,45060,12.0,True
HBA,high,1,15,265381,12.0,True
HBA,high,1,16,241273,12.0,True
HBA,high,1,17,605194,14.0,True
HBA,high,1,18,32511,12.0,True
HBA,high,1,19,34437,13.0,True
HBA,high,1,20,731936,13.0,True
HBA,high,1,21,230888,12.0,True
HBA,high,1,22,96224,12.0,True
HBA,high,1,23,8139,12.0,True
HBA,high,1,24,228825,12.0,True
HBA,high,1,25,89898,12.0,True
HBA,high,1,26,221523,14.0,True
HBA,high,1,27,264578,12.0,True
HBA,high,1,28,76344,12.0,True
HBA,high,1,29,128330,12.0,True
HBA,high,1,30,303690,13.0,True
HBA,high,1,31,219868,13.0,True
HBA,high,1,32,554080,13.0,True
HBA,high,1,33,37494,13.0,True
HBA,high,1,34,87732,15.0,True
HBA,high,1,35,443980,13.0,True
HBA,high,1,36,81227,12.0,True
HBA,high,1,37,18207,12.0,True
HBA,high,1,38,192171,12.0,True
HBA,high,1,39,484425,13.0,True
HBA,high,1,40,229136,12.0,True
HBA,high,1,41,496401,14.0,True
HBA,high,1,42,294305,16.0,True
HBA,high,1,43,349773,14.0,True
HBA,high,1,44,175425,12.0,True
HBA,high,1,45,189230,13.0,True
HBA,high,1,46,536799,13.0,True
HBA,high,1,47,28039,15.0,True
HBA,high,1,48,83890,13.0,True
HBA,high,1,49,373151,13.0,True
HBA,high,1,50,359665,13.0,True
HBA,high,1,51,501738,13.0,True
HBA,high,1,52,418857,13.0,True
HBA,high,1,53,250689,14.0,True
HBA,high,1,54,584728,13.0,True
HBA,high,1,55,21932,12.0,True
HBA,high,1,56,213409,12.0,True
HBA,high,1,57,473495,13.0,True
HBA,high,1,58,156380,16.0,True
HBA,high,1,59,378936,13.0,True
HBA,high,1,60,432612,14.0,True
HBA,high,1,61,314717,16.0,True
HBA,high,1,62,43406,12.0,True
HBA,high,1,63,335021,13.0,True
HBA,high,1,64,211820,13.0,True
HBA,high,1,65,541255,13.0,True
HBA,high,1,66,86947,13.0,True
HBA,high,1,67,179639,13.0,True
HBA,high,1,68,54529,13.0,True
HBA,high,1,69,265099,14.0,True
HBA,high,1,70,90451,12.0,True
HBA,high,1,71,349145,15.0,True
HBA,high,1,72,612245,13.0,True
HBA,high,1,73,687758,13.0,True
HBA,high,1,74,648923,17.0,True
HBA,high,1,75,274624,12.0,True
HBA,high,1,76,385611,13.0,True
HBA,high,1,77,161997,13.0,True
HBA,high,1,78,616644,13.0,True
HBA,high,1,79,330717,13.0,True
HBA,high,1,80,616666,14.0,True
HBA,high,1,81,8672,12.0,True
HBA,high,1,82,135204,12.0,True
HBA,high,1,83,226022,12.0,True
HBA,high,1,84,452943,15.0,True
HBA,high,1,85,106700,12.0,True
HBA,high,1,86,787816,13.0,True
HBA,high,1,87,364881,16.0,True
HBA,high,1,88,374770,13.0,True
HBA,high,1,89,782091,13.0,True
HBA,high,1,90,776478,14.0,True
HBA,high,1,91,180274,12.0,True
HBA,high,1,92,24155,12.0,True
HBA,high,1,93,767996,13.0,True
HBA,high,1,94,787015,13.0,True
HBA,high,1,95,241679,12.0,True
HBA,high,1,96,57882,12.0,True
HBA,high,1,97,10717,12.0,True
HBA,high,1,98,584239,13.0,True
HBA,high,1,99,167865,12.0,True
HBA,high,1,100,261367,12.0,True
HBA,high,1,101,361475,13.0,True
HBA,high,1,102,700342,14.0,True
HBA,high,1,103,429456,13.0,True
HBA,high,1,104,792194,13.0,True
HBA,high,1,105,21347,14.0,True
HBA,high,1,106,246650,12.0,True
HBA,high,1,107,323961,13.0,True
HBA,high,1,108,94188,12.0,True
HBA,high,1,109,702729,13.0,True
HBA,high,1,110,208391,12.0,True
HBA,high,1,111,240544,13.0,True
HBA,high,1,112,274129,12.0,True
HBA,high,1,113,609105,13.0,True
HBA,high,1,114,439182,13.0,True
HBA,high,1,115,528478,13.0,True
HBA,high,1,116,254328,13.0,True
HBA,high,1,117,688335,13.0,True
HBA,high,1,118,94199,14.0,True
HBA,high,1,119,86245,12.0,True
HBA,high,1,120,448879,13.0,True
HBA,high,1,121,483374,13.0,True
HBA,high,1,122,383940,13.0,True
HBA,high,1,123,137567,12.0,True
HBA,high,1,124,121071,13.0,True
HBA,high,1,125,178049,13.0,True
HBA,high,1,126,200131,12.0,True
HBA,high,1,127,507832,13.0,True
HBA,high,1,128,222263,13.0,True
HBA,high,1,129,115353,12.0,True
HBA,high,1,130,80846,12.0,True
HBA,high,1,131,784332,13.0,True
HBA,high,1,132,220151,12.0,True
HBA,high,1,133,658192,13.0,True
HBA,high,1,134,254717,13.0,True
HBA,high,1,135,147796,12.0,True
HBA,high,1,136,128009,15.0,True
HBA,high,1,137,657506,13.0,True
HBA,high,1,138,57332,12.0,True
HBA,high,1,139,167268,13.0,True
HBA,high,1,140,87713,16.0,False
HBA,high,1,141,635187,14.0,False
HBA,high,1,142,752935,13.0,False
HBA,high,1,143,728124,15.0,False
HBA,high,1,144,216857,12.0,False
HBA,high,1,145,63716,13.0,False
HBA,high,1,146,316169,13.0,False
HBA,high,1,147,112296,12.0,False
HBA,high,1,148,619093,14.0,False
HBA,high,1,149,212282,13.0,False
HBA,high,1,150,155223,12.0,False
HBA,high,1,151,1250,12.0,False
HBA,high,1,152,90265,12.0,False
HBA,high,1,153,565538,13.0,False
HBA,high,1,154,97926,12.0,False
HBA,high,1,155,166526,15.0,False
HBA,high,1,156,42339,12.0,False
HBA,high,1,157,647843,14.0,False
HBA,high,1,158,173685,12.0,False
HBA,high,1,159,156419,13.0,False
HBA,high,1,160,111185,13.0,False
HBA,high,1,161,119676,12.0,False
HBA,high,1,162,187538,14.0,False
HBA,high,1,163,159443,12.0,False
HBA,high,1,164,611181,15.0,False
HBA,high,1,165,148174,13.0,False
HBA,high,1,166,589326,13.0,False
HBA,high,1,167,26689,12.0,False
HBA,high,1,168,403223,14.0,False
HBA,high,1,169,698448,15.0,False
HBA,high,1,170,667142,14.0,False
HBA,high,1,171,219971,12.0,False
HBA,high,1,172,547744,14.0,False
HBA,high,1,173,366425,14.0,False
HBA,high,1,174,116121,13.0,False
HBA,high,1,175,549487,14.0,False
HBA,high,1,176,316632,13.0,False
HBA,high,1,177,14173,13.0,False
HBA,high,1,178,454650,16.0,False
HBA,high,1,179,538600,13.0,False
HBA,high,1,180,189766,12.0,False
HBA,high,1,181,36024,12.0,False
HBA,high,1,182,218782,12.0,False
HBA,high,1,183,623121,14.0,False
HBA,high,1,184,601383,13.0,False
HBA,high,1,185,139224,14.0,False
HBA,high,1,186,25987,14.0,False
HBA,high,1,187,121749,12.0,False
HBA,high,1,188,174788,13.0,False
HBA,high,1,189,770681,14.0,False
HBA,high,1,190,612563,13.0,False
HBA,high,1,191,39944,12.0,False
HBA,high,1,192,215360,12.0,False
HBA,high,1,193,551308,15.0,False
HBA,high,1,194,41237,12.0,False
HBA,high,1,195,254647,12.0,False
HBA,high,1,196,597680,14.0,False
HBA,high,1,197,499696,13.0,False
HBA,high,1,198,251772,12.0,False
HBA,high,1,199,26627,12.0,False
HBA,low,0,0,4938,0.0,True
HBA,low,0,1,469,0.0,True
HBA,low,0,2,10473,0.0,True
HBA,low,0,3,40389,0.0,True
HBA,low,0,4,5479,0.0,True
HBA,low,0,5,24160,0.0,True
HBA,low,0,6,21734,0.0,True
HBA,low,0,7,13302,0.0,True
HBA,low,0,8,28634,0.0,True
HBA,low,0,9,16517,0.0,True
HBA,low,0,10,39040,0.0,True
HBA,low,0,11,25893,0.0,True
HBA,low,0,12,11436,0.0,True
HBA,low,0,13,29843,0.0,True
HBA,low,0,14,3458,0.0,True
HBA,low,0,15,9970,0.0,True
HBA,low,0,16,25490,0.0,True
HBA,low,0,17,9532,0.0,True
HBA,low,0,18,32284,0.0,True
HBA,low,0,19,28713,0.0,True
HBA,low,0,20,24678,0.0,True
HBA,low,0,21,39748,0.0,True
HBA,low,0,22,430,0.0,True
HBA,low,0,23,18570,0.0,True
HBA,low,0,24,10499,0.0,True
HBA,low,0,25,40474,0.0,True
HBA,low,0,26,32092,0.0,True
HBA,low,0,27,21629,0.0,True
HBA,low,0,28,33102,0.0,True
HBA,low,0,29,11005,0.0,True
HBA,low,0,30,41470,0.0,True
HBA,low,0,31,11165,0.0,True
HBA,low,0,32,34155,0.0,True
HBA,low,0,33,25222,0.0,True
HBA,low,0,34,25153,0.0,True
HBA,low,0,35,34337,0.0,True
HBA,low,0,36,32156,0.0,True
HBA,low,0,37,1180,0.0,True
HBA,low,0,38,34632,0.0,True
HBA,low,0,39,29658,0.0,True
HBA,low,0,40,777,0.0,True
HBA,low,0,41,240,0.0,True
HBA,low,0,42,481,0.0,True
HBA,low,0,43,11042,0.0,True
HBA,low,0,44,13359,0.0,True
HBA,low,0,45,27528,0.0,True
HBA,low,0,46,28930,0.0,True
HBA,low,0,47,24893,0.0,True
HBA,low,0,48,28674,0.0,True
HBA,low,0,49,21325,0.0,True
HBA,low,0,50,28207,0.0,True
HBA,low,0,51,16328,0.0,True
HBA,low,0,52,12650,0.0,True
HBA,low,0,53,28023,0.0,True
HBA,low,0,54,7978,0.0,True
HBA,low,0,55,41264,0.0,True
HBA,low,0,56,11393,0.0,True
HBA,low,0,57,30687,0.0,True
HBA,low,0,58,33690,0.0,True
HBA,low,0,59,35356,0.0,True
HBA,low,0,60,16875,0.0,True
HBA,low,0,61,34517,0.0,True
HBA,low,0,62,38416,0.0,True
HBA,low,0,63,16547,0.0,True
HBA,low,0,64,23483,0.0,True
HBA,low,0,65,14999,0.0,True
HBA,low,0,66,34689,0.0,True
HBA,low,0,67,38050,0.0,True
HBA,low,0,68,37639,0.0,True
HBA,low,0,69,33132,0.0,True
HBA,low,0,70,2547,0.0,True
HBA,low,0,71,12055,0.0,True
HBA,low,0,72,4396,0.0,True
HBA,low,0,73,28318,0.0,True
HBA,low,0,74,1617,0.0,True
HBA,low,0,75,2412,0.0,True
HBA,low,0,76,14716,0.0,True
HBA,low,0,77,35183,0.0,True
HBA,low,0,78,20365,0.0,True
HBA,low,0,79,11231,0.0,True
HBA,low,0,80,23884,0.0,True
HBA,low,0,81,16273,0.0,True
HBA,low,0,82,19282,0.0,True
HBA,low,0,83,3331,0.0,True
HBA,low,0,84,6439,0.0,True
HBA,low,0,85,21050,0.0,True
HBA,low,0,86,20269,0.0,True
HBA,low,0,87,19923,0.0,True
HBA,low,0,88,30670,0.0,True
HBA,low,0,89,44139,0.0,True
HBA,low,0,90,14845,0.0,True
HBA,low,0,91,15354,0.0,True
HBA,low,0,92,34378,0.0,True
HBA,low,0,93,443,0.0,True
HBA,low,0,94,11036,0.0,True
HBA,low,0,95,2474,0.0,True
HBA,low,0,96,13441,0.0,True
HBA,low,0,97,30751,0.0,True
HBA,low,0,98,24607,0.0,True
HBA,low,0,99,23641,0.0,True
HBA,low,0,100,25870,0.0,True
HBA,low,0,101,41085,0.0,True
HBA,low,0,102,21572,0.0,True
HBA,low,0,103,18831,0.0,True
HBA,low,0,104,6398,0.0,True
HBA,low,0,105,10108,0.0,True
HBA,low,0,106,30911,0.0,True
HBA,low,0,107,15102,0.0,True
HBA,low,0,108,22701,0.0,True
HBA,low,0,109,3140,0.0,True
HBA,low,0,110,16745,0.0,True
HBA,low,0,111,3479,0.0,True
HBA,low,0,112,5133,0.0,True
HBA,low,0,113,39491,0.0,True
HBA,low,0,114,1314,0.0,True
HBA,low,0,115,6635,0.0,True
HBA,low,0,116,40696,0.0,True
HBA,low,0,117,1223,0.0,True
HBA,low,0,118,43150,0.0,True
HBA,low,0,119,15390,0.0,True
HBA,low,0,120,9398,0.0,True
HBA,low,0,121,16642,0.0,True
HBA,low,0,122,20940,0.0,True
HBA,low,0,123,42325,0.0,True
HBA,low,0,124,30589,0.0,True
HBA,low,0,125,2463,0.0,True
HBA,low,0,126,8740,0.0,True
HBA,low,0,127,43806,0.0,True
HBA,low,0,128,7372,0.0,True
HBA,low,0,129,3888,0.0,True
HBA,low,0,130,5565,0.0,True
HBA,low,0,131,19036,0.0,True
HBA,low,0,132,20501,0.0,True
HBA,low,0,133,24968,0.0,True
HBA,low,0,134,1706,0.0,True
HBA,low,0,135,33299,0.0,True
HBA,low,0,136,14110,0.0,True
HBA,low,0,137,21761,0.0,True
HBA,low,0,138,17518,0.0,True
HBA,low,0,139,41685,0.0,True
HBA,low,0,140,40061,0.0,False
HBA,low,0,141,6067,0.0,False
HBA,low,0,142,42905,0.0,False
HBA,low,0,143,33260,0.0,False
HBA,low,0,144,23733,0.0,False
HBA,low,0,145,36110,0.0,False
HBA,low,0,146,4703,0.0,False
HBA,low,0,147,41415,0.0,False
HBA,low,0,148,10367,0.0,False
HBA,low,0,149,21154,0.0,False
HBA,low,0,150,34965,0.0,False
HBA,low,0,151,8429,0.0,False
HBA,low,0,152,19028,0.0,False
HBA,low,0,153,36761,0.0,False
HBA,low,0,154,8226,0.0,False
HBA,low,0,155,20654,0.0,False
HBA,low,0,156,33777,0.0,False
HBA,low,0,157,6466,0.0,False
HBA,low,0,158,40379,0.0,False
HBA,low,0,159,21515,0.0,False
HBA,low,0,160,15605,0.0,False
HBA,low,0,161,25433,0.0,False
HBA,low,0,162,39745,0.0,False
HBA,low,0,163,29181,0.0,False
HBA,low,0,164,39691,0.0,False
HBA,low,0,165,38672,0.0,False
HBA,low,0,166,31031,0.0,False
HBA,low,0,167,29539,0.0,False
HBA,low,0,168,22564,0.0,False
HBA,low,0,169,32951,0.0,False
HBA,low,0,170,26646,0.0,False
HBA,low,0,171,40920,0.0,False
HBA,low,0,172,14936,0.0,False
HBA,low,0,173,6845,0.0,False
HBA,low,0,174,38337,0.0,False
HBA,low,0,175,11074,0.0,False
HBA,low,0,176,43636,0.0,False
HBA,low,0,177,13014,0.0,False
HBA,low,0,178,19303,0.0,False
HBA,low,0,179,37129,0.0,False
HBA,low,0,180,1733,0.0,False
HBA,low,0,181,13450,0.0,False
HBA,low,0,182,41984,0.0,False
HBA,low,0,183,9037,0.0,False
HBA,low,0,184,4371,0.0,False
HBA,low,0,185,34314,0.0,False
HBA,low,0,186,29353,0.0,False
HBA,low,0,187,6129,0.0,False
HBA,low,0,188,20191,0.0,False
HBA,low,0,189,16338,0.0,False
HBA,low,0,190,19379,0.0,False
HBA,low,0,191,38826,0.0,False
HBA,low,0,192,17981,0.0,False
HBA,low,0,193,19615,0.0,False
HBA,low,0,194,40835,0.0,False
HBA,low,0,195,885,0.0,False
HBA,low,0,196,33765,0.0,False
HBA,low,0,197,419,0.0,False
HBA,low,0,198,6267,0.0,False
HBA,low,0,199,12404,0.0,False
TPSA,high,1,0,565835,206.6,True
TPSA,high,1,1,353636,249.82,True
TPSA,high,1,2,248299,211.89,True
TPSA,high,1,3,45060,236.65,True
TPSA,high,1,4,422308,239.96,True
TPSA,high,1,5,87732,273.24999999999994,True
TPSA,high,1,6,2536,218.81,True
TPSA,high,1,7,138777,203.54,True
TPSA,high,1,8,637663,207.26999999999995,True
TPSA,high,1,9,83890,229.63,True
TPSA,high,1,10,273705,253.24,True
TPSA,high,1,11,571019,202.54,True
TPSA,high,1,12,245491,213.27999999999997,True
TPSA,high,1,13,254717,250.58,True
TPSA,high,1,14,89898,207.93,True
TPSA,high,1,15,262277,200.49,True
TPSA,high,1,16,317944,201.15,True
TPSA,high,1,17,613658,242.51,True
TPSA,high,1,18,206638,208.87,True
TPSA,high,1,19,425524,233.42,True
TPSA,high,1,20,667381,211.42,True
TPSA,high,1,21,455818,201.25,True
TPSA,high,1,22,492654,205.05,True
TPSA,high,1,23,477039,210.54,True
TPSA,high,1,24,739352,201.4,True
TPSA,high,1,25,436778,205.88,True
TPSA,high,1,26,662048,250.31999999999996,True
TPSA,high,1,27,480239,200.53,True
TPSA,high,1,28,481512,207.37,True
TPSA,high,1,29,175425,204.55,True
TPSA,high,1,30,515648,219.84,True
TPSA,high,1,31,3401,220.96,True
TPSA,high,1,32,43927,213.51999999999995,True
TPSA,high,1,33,785565,233.28,True
TPSA,high,1,34,619093,271.54,True
TPSA,high,1,35,128009,215.16,True
TPSA,high,1,36,701720,206.96,True
TPSA,high,1,37,151382,209.85,True
TPSA,high,1,38,300821,202.77,True
TPSA,high,1,39,490486,214.36999999999995,True
TPSA,high,1,40,666003,201.28,True
TPSA,high,1,41,239919,247.64,True
TPSA,high,1,42,212282,304.74,True
TPSA,high,1,43,432612,248.39,True
TPSA,high,1,44,393749,203.46,True
TPSA,high,1,45,315567,222.02,True
TPSA,high,1,46,335790,213.52,True
TPSA,high,1,47,452943,272.13000000000005,True
TPSA,high,1,48,331479,229.75,True
TPSA,high,1,49,276881,217.6,True
TPSA,high,1,50,617820,217.85,True
TPSA,high,1,51,102099,213.88,True
TPSA,high,1,52,56173,216.9,True
TPSA,high,1,53,551308,248.45,True
TPSA,high,1,54,290705,213.1,True
TPSA,high,1,55,555303,209.85,True
TPSA,high,1,56,488990,202.35,True
TPSA,high,1,57,294410,215.01,True
TPSA,high,1,58,626544,313.92,True
TPSA,high,1,59,187538,217.22,True
TPSA,high,1,60,731936,247.94000000000003,True
TPSA,high,1,61,601383,291.17999999999995,True
TPSA,high,1,62,439182,207.99,True
TPSA,high,1,63,188309,218.06,True
TPSA,high,1,64,20436,221.89,True
TPSA,high,1,65,532764,213.52,True
TPSA,high,1,66,25987,229.69,True
TPSA,high,1,67,609105,222.92999999999995,True
TPSA,high,1,68,297042,232.37999999999997,True
TPSA,high,1,69,403223,248.39,True
TPSA,high,1,70,104586,205.37,True
TPSA,high,1,71,314717,268.67999999999995,True
TPSA,high,1,72,601429,212.38,True
TPSA,high,1,73,132883,211.56,True
TPSA,high,1,74,28039,317.11999999999995,True
TPSA,high,1,75,783421,199.94000000000003,True
TPSA,high,1,76,648923,216.97000000000003,True
TPSA,high,1,77,613013,223.58999999999995,True
TPSA,high,1,78,144010,212.31,True
TPSA,high,1,79,349773,218.36,True
TPSA,high,1,80,473495,238.86,True
TPSA,high,1,81,216857,210.51,True
TPSA,high,1,82,489380,204.55,True
TPSA,high,1,83,73652,201.69,True
TPSA,high,1,84,364881,268.67999999999995,True
TPSA,high,1,85,315816,204.96,True
TPSA,high,1,86,554080,210.79,True
TPSA,high,1,87,87713,279.68,True
TPSA,high,1,88,602804,217.6,True
TPSA,high,1,89,472144,211.15999999999997,True
TPSA,high,1,90,567482,234.17,True
TPSA,high,1,91,725497,203.08,True
TPSA,high,1,92,448879,209.76,True
TPSA,high,1,93,514327,211.23,True
TPSA,high,1,94,174788,210.79,True
TPSA,high,1,95,596313,201.11,True
TPSA,high,1,96,637405,207.78000000000003,True
TPSA,high,1,97,268156,210.27,True
TPSA,high,1,98,637747,213.27999999999997,True
TPSA,high,1,99,575173,203.57,True
TPSA,high,1,100,184939,200.53,True
TPSA,high,1,101,134174,217.6,True
TPSA,high,1,102,452735,236.76,True
TPSA,high,1,103,309581,216.59999999999997,True
TPSA,high,1,104,612563,210.79,True
TPSA,high,1,105,349145,254.23999999999995,True
TPSA,high,1,106,525065,200.77,True
TPSA,high,1,107,25290,219.49,True
TPSA,high,1,108,107820,205.31,True
TPSA,high,1,109,786579,211.56,True
TPSA,high,1,110,239649,202.44,True
TPSA,high,1,111,787816,220.67999999999995,True
TPSA,high,1,112,632515,200.04,True
TPSA,high,1,113,698448,212.65,True
TPSA,high,1,114,626726,216.47,True
TPSA,high,1,115,39944,213.56,True
TPSA,high,1,116,752935,219.88,True
TPSA,high,1,117,443598,211.56,True
TPSA,high,1,118,770681,253.01999999999995,True
TPSA,high,1,119,85056,206.85000000000005,True
TPSA,high,1,120,528659,215.11,True
TPSA,high,1,121,166526,214.98,True
TPSA,high,1,122,539602,217.02,True
TPSA,high,1,123,784332,204.55,True
TPSA,high,1,124,785037,227.29,True
TPSA,high,1,125,379869,223.17,True
TPSA,high,1,126,743871,202.76999999999995,True
TPSA,high,1,127,350126,213.72,True
TPSA,high,1,128,696502,220.96,True
TPSA,high,1,129,386076,204.85,True
TPSA,high,1,130,17513,206.97,True
TPSA,high,1,131,1250,210.81,True
TPSA,high,1,132,588950,201.74999999999997,True
TPSA,high,1,133,177395,211.75,True
TPSA,high,1,134,399505,219.86999999999995,True
TPSA,high,1,135,55895,204.0,True
TPSA,high,1,136,156380,268.67999999999995,True
TPSA,high,1,137,438065,211.82,True
TPSA,high,1,138,658466,207.93,True
TPSA,high,1,139,536799,223.5,True
TPSA,high,1,140,306290,313.92,False
TPSA,high,1,141,273512,237.25,False
TPSA,high,1,142,757296,211.39,False
TPSA,high,1,143,700342,262.38000000000005,False
TPSA,high,1,144,72898,201.85,False
TPSA,high,1,145,221523,231.01999999999995,False
TPSA,high,1,146,340135,219.83999999999995,False
TPSA,high,1,147,378936,204.89,False
TPSA,high,1,148,638826,237.83,False
TPSA,high,1,149,439344,221.04,False
TPSA,high,1,150,339233,203.73,False
TPSA,high,1,151,782091,210.79,False
TPSA,high,1,152,375093,205.76,False
TPSA,high,1,153,76620,213.27999999999997,False
TPSA,high,1,154,159443,204.96,False
TPSA,high,1,155,294305,268.67999999999995,False
TPSA,high,1,156,271347,207.99,False
TPSA,high,1,157,327995,237.25,False
TPSA,high,1,158,339429,203.46,False
TPSA,high,1,159,410651,224.72,False
TPSA,high,1,160,561566,228.61999999999995,False
TPSA,high,1,161,584728,204.83,False
TPSA,high,1,162,488402,252.32,False
TPSA,high,1,163,212818,203.57,False
TPSA,high,1,164,72847,265.31,False
TPSA,high,1,165,366425,225.63,False
TPSA,high,1,166,81431,213.02,False
TPSA,high,1,167,549487,209.44,False
TPSA,high,1,168,86960,248.38999999999996,False
TPSA,high,1,169,538600,263.66,False
TPSA,high,1,170,361475,237.19,False
TPSA,high,1,171,623121,201.81,False
TPSA,high,1,172,702729,247.05999999999997,False
TPSA,high,1,173,776478,248.39,False
TPSA,high,1,174,356635,228.23999999999995,False
TPSA,high,1,175,605194,245.01,False
TPSA,high,1,176,267559,219.59,False
TPSA,high,1,177,388406,233.42,False
TPSA,high,1,178,454650,274.47,False
TPSA,high,1,179,430704,213.52,False
TPSA,high,1,180,146235,202.94,False
TPSA,high,1,181,155068,208.68,False
TPSA,high,1,182,622917,201.85,False
TPSA,high,1,183,611181,237.45,False
TPSA,high,1,184,704633,212.89,False
TPSA,high,1,185,106700,252.33,False
TPSA,high,1,186,728124,254.23999999999995,False
TPSA,high,1,187,531577,204.73,False
TPSA,high,1,188,374647,223.22,False
TPSA,high,1,189,483374,236.36,False
TPSA,high,1,190,614659,212.35000000000005,False
TPSA,high,1,191,693390,208.65,False
TPSA,high,1,192,99662,202.19,False
TPSA,high,1,193,139224,268.1700000000001,False
TPSA,high,1,194,39126,208.07,False
TPSA,high,1,195,374917,200.63,False
TPSA,high,1,196,647843,245.01,False
TPSA,high,1,197,490859,213.94,False
TPSA,high,1,198,244547,200.65,False
TPSA,high,1,199,359665,209.51,False
TPSA,low,0,0,3458,0.0,True
TPSA,low,0,1,430,0.0,True
TPSA,low,0,2,7456,0.0,True
TPSA,low,0,3,32092,0.0,True
TPSA,low,0,4,3888,0.0,True
TPSA,low,0,5,19282,0.0,True
TPSA,low,0,6,16642,0.0,True
TPSA,low,0,7,9855,0.0,True
TPSA,low,0,8,21515,0.0,True
TPSA,low,0,9,11436,0.0,True
TPSA,low,0,10,30583,0.0,True
TPSA,low,0,11,20654,0.0,True
TPSA,low,0,12,8754,0.0,True
TPSA,low,0,13,22566,0.0,True
TPSA,low,0,14,2412,0.0,True
TPSA,low,0,15,6845,0.0,True
TPSA,low,0,16,20365,0.0,True
TPSA,low,0,17,6635,0.0,True
TPSA,low,0,18,25153,0.0,True
TPSA,low,0,19,21629,0.0,True
TPSA,low,0,20,19379,0.0,True
TPSA,low,0,21,30911,0.0,True
TPSA,low,0,22,390,0.0,True
TPSA,low,0,23,13359,0.0,True
TPSA,low,0,24,7588,0.0,True
TPSA,low,0,25,32156,0.0,True
TPSA,low,0,26,24678,0.0,True
TPSA,low,0,27,16547,0.0,True
TPSA,low,0,28,25433,0.0,True
TPSA,low,0,29,7978,0.0,True
TPSA,low,0,30,33690,0.0,True
TPSA,low,0,31,8429,0.0,True
TPSA,low,0,32,26809,0.0,True
TPSA,low,0,33,20191,0.0,True
TPSA,low,0,34,19923,0.0,True
TPSA,low,0,35,27528,0.0,True
TPSA,low,0,36,24968,0.0,True
TPSA,low,0,37,487,0.0,True
TPSA,low,0,38,28210,0.0,True
TPSA,low,0,39,22564,0.0,True
TPSA,low,0,40,469,0.0,True
TPSA,low,0,41,240,0.0,True
TPSA,low,0,42,443,0.0,True
TPSA,low,0,43,8312,0.0,True
TPSA,low,0,44,9970,0.0,True
TPSA,low,0,45,21050,0.0,True
TPSA,low,0,46,21734,0.0,True
TPSA,low,0,47,19615,0.0,True
TPSA,low,0,48,21572,0.0,True
TPSA,low,0,49,16338,0.0,True
TPSA,low,0,50,21154,0.0,True
TPSA,low,0,51,11231,0.0,True
TPSA,low,0,52,9398,0.0,True
TPSA,low,0,53,21134,0.0,True
TPSA,low,0,54,6067,0.0,True
TPSA,low,0,55,33260,0.0,True
TPSA,low,0,56,8740,0.0,True
TPSA,low,0,57,23487,0.0,True
TPSA,low,0,58,25893,0.0,True
TPSA,low,0,59,28778,0.0,True
TPSA,low,0,60,12650,0.0,True
TPSA,low,0,61,28207,0.0,True
TPSA,low,0,62,29782,0.0,True
TPSA,low,0,63,11751,0.0,True
TPSA,low,0,64,18570,0.0,True
TPSA,low,0,65,11005,0.0,True
TPSA,low,0,66,28318,0.0,True
TPSA,low,0,67,29539,0.0,True
TPSA,low,0,68,29353,0.0,True
TPSA,low,0,69,25490,0.0,True
TPSA,low,0,70,1733,0.0,True
TPSA,low,0,71,8986,0.0,True
TPSA,low,0,72,3140,0.0,True
TPSA,low,0,73,21325,0.0,True
TPSA,low,0,74,1180,0.0,True
TPSA,low,0,75,1413,0.0,True
TPSA,low,0,76,10499,0.0,True
TPSA,low,0,77,28713,0.0,True
TPSA,low,0,78,15354,0.0,True
TPSA,low,0,79,8642,0.0,True
TPSA,low,0,80,19036,0.0,True
TPSA,low,0,81,11230,0.0,True
TPSA,low,0,82,14110,0.0,True
TPSA,low,0,83,1915,0.0,True
TPSA,low,0,84,4950,0.0,True
TPSA,low,0,85,16273,0.0,True
TPSA,low,0,86,15102,0.0,True
TPSA,low,0,87,14967,0.0,True
TPSA,low,0,88,23483,0.0,True
TPSA,low,0,89,34378,0.0,True
TPSA,low,0,90,10651,0.0,True
TPSA,low,0,91,11042,0.0,True
TPSA,low,0,92,28023,0.0,True
TPSA,low,0,93,419,0.0,True
TPSA,low,0,94,8226,0.0,True
TPSA,low,0,95,1706,0.0,True
TPSA,low,0,96,10108,0.0,True
TPSA,low,0,97,23884,0.0,True
TPSA,low,0,98,19303,0.0,True
TPSA,low,0,99,18831,0.0,True
TPSA,low,0,100,20501,0.0,True
TPSA,low,0,101,33132,0.0,True
TPSA,low,0,102,16517,0.0,True
TPSA,low,0,103,13441,0.0,True
TPSA,low,0,104,4938,0.0,True
TPSA,low,0,105,6917,0.0,True
TPSA,low,0,106,24160,0.0,True
TPSA,low,0,107,11036,0.0,True
TPSA,low,0,108,17981,0.0,True
TPSA,low,0,109,1787,0.0,True
TPSA,low,0,110,12404,0.0,True
TPSA,low,0,111,2463,0.0,True
TPSA,low,0,112,3479,0.0,True
TPSA,low,0,113,30589,0.0,True
TPSA,low,0,114,885,0.0,True
TPSA,low,0,115,5479,0.0,True
TPSA,low,0,116,32432,0.0,True
TPSA,low,0,117,777,0.0,True
TPSA,low,0,118,34155,0.0,True
TPSA,low,0,119,11074,0.0,True
TPSA,low,0,120,6466,0.0,True
TPSA,low,0,121,12055,0.0,True
TPSA,low,0,122,15752,0.0,True
TPSA,low,0,123,34002,0.0,True
TPSA,low,0,124,22701,0.0,True
TPSA,low,0,125,1617,0.0,True
TPSA,low,0,126,6398,0.0,True
TPSA,low,0,127,34337,0.0,True
TPSA,low,0,128,5829,0.0,True
TPSA,low,0,129,2474,0.0,True
TPSA,low,0,130,4010,0.0,True
TPSA,low,0,131,13612,0.0,True
TPSA,low,0,132,15390,0.0,True
TPSA,low,0,133,19678,0.0,True
TPSA,low,0,134,1223,0.0,True
TPSA,low,0,135,25870,0.0,True
TPSA,low,0,136,10473,0.0,True
TPSA,low,0,137,16745,0.0,True
TPSA,low,0,138,13014,0.0,True
TPSA,low,0,139,33765,0.0,True
TPSA,low,0,140,31031,0.0,False
TPSA,low,0,141,4204,0.0,False
TPSA,low,0,142,34062,0.0,False
TPSA,low,0,143,25760,0.0,False
TPSA,low,0,144,18933,0.0,False
TPSA,low,0,145,28930,0.0,False
TPSA,low,0,146,3331,0.0,False
TPSA,low,0,147,33299,0.0,False
TPSA,low,0,148,7372,0.0,False
TPSA,low,0,149,16328,0.0,False
TPSA,low,0,150,28634,0.0,False
TPSA,low,0,151,6267,0.0,False
TPSA,low,0,152,13450,0.0,False
TPSA,low,0,153,29121,0.0,False
TPSA,low,0,154,6129,0.0,False
TPSA,low,0,155,15605,0.0,False
TPSA,low,0,156,26646,0.0,False
TPSA,low,0,157,5133,0.0,False
TPSA,low,0,158,31789,0.0,False
TPSA,low,0,159,16445,0.0,False
TPSA,low,0,160,11165,0.0,False
TPSA,low,0,161,20269,0.0,False
TPSA,low,0,162,30687,0.0,False
TPSA,low,0,163,21761,0.0,False
TPSA,low,0,164,30670,0.0,False
TPSA,low,0,165,29843,0.0,False
TPSA,low,0,166,24607,0.0,False
TPSA,low,0,167,22477,0.0,False
TPSA,low,0,168,17836,0.0,False
TPSA,low,0,169,25222,0.0,False
TPSA,low,0,170,20940,0.0,False
TPSA,low,0,171,33102,0.0,False
TPSA,low,0,172,10809,0.0,False
TPSA,low,0,173,5565,0.0,False
TPSA,low,0,174,29658,0.0,False
TPSA,low,0,175,8392,0.0,False
TPSA,low,0,176,34298,0.0,False
TPSA,low,0,177,9532,0.0,False
TPSA,low,0,178,14234,0.0,False
TPSA,low,0,179,29181,0.0,False
TPSA,low,0,180,1314,0.0,False
TPSA,low,0,181,10367,0.0,False
TPSA,low,0,182,33777,0.0,False
TPSA,low,0,183,6439,0.0,False
TPSA,low,0,184,2547,0.0,False
TPSA,low,0,185,27320,0.0,False
TPSA,low,0,186,22018,0.0,False
TPSA,low,0,187,4396,0.0,False
TPSA,low,0,188,14999,0.0,False
TPSA,low,0,189,11393,0.0,False
TPSA,low,0,190,14458,0.0,False
TPSA,low,0,191,30029,0.0,False
TPSA,low,0,192,13302,0.0,False
TPSA,low,0,193,14716,0.0,False
TPSA,low,0,194,32951,0.0,False
TPSA,low,0,195,481,0.0,False
TPSA,low,0,196,26384,0.0,False
TPSA,low,0,197,259,0.0,False
TPSA,low,0,198,4703,0.0,False
TPSA,low,0,199,9037,0.0,False
cLogP,high,1,0,186070,9.547319999999996,True
cLogP,high,1,1,745373,10.81879999999999,True
cLogP,high,1,2,249630,9.770799999999996,True
cLogP,high,1,3,272744,10.472899999999992,True
cLogP,high,1,4,110380,10.53589999999999,True
cLogP,high,1,5,500885,11.566399999999984,True
cLogP,high,1,6,339256,10.069099999999995,True
cLogP,high,1,7,205044,9.471999999999998,True
cLogP,high,1,8,477014,9.559499999999996,True
cLogP,high,1,9,778183,10.33119999999999,True
cLogP,high,1,10,633872,11.052599999999984,True
cLogP,high,1,11,336992,9.441299999999998,True
cLogP,high,1,12,781138,9.831399999999997,True
cLogP,high,1,13,690755,10.94959999999999,True
cLogP,high,1,14,415748,9.591,True
cLogP,high,1,15,352800,9.393899999999997,True
cLogP,high,1,16,338851,9.4228,True
cLogP,high,1,17,330110,10.54499999999999,True
cLogP,high,1,18,83179,9.616499999999997,True
cLogP,high,1,19,202898,10.408399999999991,True
cLogP,high,1,20,313519,9.750499999999995,True
cLogP,high,1,21,3098,9.424699999999994,True
cLogP,high,1,22,78872,9.524039999999998,True
cLogP,high,1,23,437627,9.684299999999991,True
cLogP,high,1,24,546833,9.428,True
cLogP,high,1,25,242712,9.540299999999998,True
cLogP,high,1,26,127144,10.837799999999987,True
cLogP,high,1,27,546707,9.3946,True
cLogP,high,1,28,639462,9.56808,True
cLogP,high,1,29,742315,9.510199999999998,True
cLogP,high,1,30,436687,10.127099999999992,True
cLogP,high,1,31,603067,10.199099999999994,True
cLogP,high,1,32,191762,9.841799999999994,True
cLogP,high,1,33,739064,10.406699999999994,True
cLogP,high,1,34,386475,11.520999999999985,True
cLogP,high,1,35,763507,9.929899999999996,True
cLogP,high,1,36,189219,9.556,True
cLogP,high,1,37,72513,9.668859999999995,True
cLogP,high,1,38,572575,9.4602,True
cLogP,high,1,39,782988,9.903199999999996,True
cLogP,high,1,40,245248,9.426899999999998,True
cLogP,high,1,41,606016,10.62439999999999,True
cLogP,high,1,42,584822,12.13249999999998,True
cLogP,high,1,43,792818,10.708399999999989,True
cLogP,high,1,44,501461,9.470099999999997,True
cLogP,high,1,45,31789,10.21399999999999,True
cLogP,high,1,46,762431,9.881899999999993,True
cLogP,high,1,47,297329,11.520999999999985,True
cLogP,high,1,48,552919,10.345099999999992,True
cLogP,high,1,49,406923,10.008299999999997,True
cLogP,high,1,50,567826,10.017099999999996,True
cLogP,high,1,51,595269,9.892199999999994,True
cLogP,high,1,52,748517,9.962199999999996,True
cLogP,high,1,53,64376,10.800799999999988,True
cLogP,high,1,54,538551,9.803639999999998,True
cLogP,high,1,55,28207,9.647299999999996,True
cLogP,high,1,56,380265,9.435599999999996,True
cLogP,high,1,57,763724,9.914519999999996,True
cLogP,high,1,58,177875,12.22389999999998,True
cLogP,high,1,59,37639,9.988299999999995,True
cLogP,high,1,60,343864,10.65669999999999,True
cLogP,high,1,61,382810,12.109799999999996,True
cLogP,high,1,62,69840,9.594599999999996,True
cLogP,high,1,63,135981,10.026879999999997,True
cLogP,high,1,64,236281,10.21399999999999,True
cLogP,high,1,65,606432,9.851199999999997,True
cLogP,high,1,66,736364,10.34189999999999,True
cLogP,high,1,67,82183,10.215799999999993,True
cLogP,high,1,68,158914,10.352299999999993,True
cLogP,high,1,69,294157,10.786999999999988,True
cLogP,high,1,70,134094,9.531299999999998,True
cLogP,high,1,71,277773,11.329699999999988,True
cLogP,high,1,72,136720,9.778599999999996,True
cLogP,high,1,73,314056,9.755599999999998,True
cLogP,high,1,74,609524,12.600199999999974,True
cLogP,high,1,75,283968,9.383999999999997,True
cLogP,high,1,76,519662,9.967399999999992,True
cLogP,high,1,77,308262,10.23259999999999,True
cLogP,high,1,78,580685,9.775399999999998,True
cLogP,high,1,79,480328,10.058899999999996,True
cLogP,high,1,80,428141,10.528899999999991,True
cLogP,high,1,81,121131,9.678999999999998,True
cLogP,high,1,82,491304,9.501999999999995,True
cLogP,high,1,83,383679,9.428,True
cLogP,high,1,84,585949,11.282239999999986,True
cLogP,high,1,85,538296,9.519499999999995,True
cLogP,high,1,86,64271,9.720139999999992,True
cLogP,high,1,87,65275,11.789799999999984,True
cLogP,high,1,88,668443,10.005539999999993,True
cLogP,high,1,89,471189,9.736399999999998,True
cLogP,high,1,90,119378,10.450499999999993,True
cLogP,high,1,91,436503,9.466099999999994,True
cLogP,high,1,92,294068,9.643899999999997,True
cLogP,high,1,93,54204,9.745299999999997,True
cLogP,high,1,94,251228,9.721799999999996,True
cLogP,high,1,95,408692,9.4171,True
cLogP,high,1,96,221773,9.572799999999996,True
cLogP,high,1,97,528382,9.671599999999996,True
cLogP,high,1,98,118706,9.805499999999997,True
cLogP,high,1,99,531103,9.478699999999998,True
cLogP,high,1,100,183417,9.3976,True
cLogP,high,1,101,660538,10.013499999999995,True
cLogP,high,1,102,22142,10.474599999999988,True
cLogP,high,1,103,515933,9.957699999999996,True
cLogP,high,1,104,1585,9.7177,True
cLogP,high,1,105,89132,11.075199999999986,True
cLogP,high,1,106,316465,9.413999999999996,True
cLogP,high,1,107,783575,10.081699999999994,True
cLogP,high,1,108,571354,9.5307,True
cLogP,high,1,109,130565,9.753599999999995,True
cLogP,high,1,110,542468,9.437259999999998,True
cLogP,high,1,111,699650,10.178099999999992,True
cLogP,high,1,112,394576,9.391699999999998,True
cLogP,high,1,113,233950,9.791599999999994,True
cLogP,high,1,114,566705,9.945999999999996,True
cLogP,high,1,115,88031,9.891639999999994,True
cLogP,high,1,116,460571,10.170899999999994,True
cLogP,high,1,117,209752,9.753779999999995,True
cLogP,high,1,118,154226,11.024799999999988,True
cLogP,high,1,119,363728,9.547599999999996,True
cLogP,high,1,120,345632,9.922399999999996,True
cLogP,high,1,121,127974,9.910199999999994,True
cLogP,high,1,122,703848,9.97799999999999,True
cLogP,high,1,123,232863,9.4947,True
cLogP,high,1,124,307936,10.294399999999992,True
cLogP,high,1,125,767094,10.216799999999994,True
cLogP,high,1,126,454178,9.456499999999997,True
cLogP,high,1,127,692241,9.892199999999994,True
cLogP,high,1,128,589385,10.193099999999994,True
cLogP,high,1,129,754706,9.519499999999995,True
cLogP,high,1,130,269387,9.557299999999996,True
cLogP,high,1,131,738856,9.726299999999997,True
cLogP,high,1,132,652931,9.4304,True
cLogP,high,1,133,133725,9.765399999999996,True
cLogP,high,1,134,335201,10.169999999999996,True
cLogP,high,1,135,172901,9.488999999999995,True
cLogP,high,1,136,305845,11.495099999999985,True
cLogP,high,1,137,563449,9.770399999999992,True
cLogP,high,1,138,53092,9.582799999999995,True
cLogP,high,1,139,6042,10.231899999999994,True
cLogP,high,1,140,295796,12.55639999999998,False
cLogP,high,1,141,686760,10.496399999999992,False
cLogP,high,1,142,360565,9.749799999999995,False
cLogP,high,1,143,156758,11.149799999999988,False
cLogP,high,1,144,157448,9.4332,False
cLogP,high,1,145,358336,10.348199999999988,False
cLogP,high,1,146,777,10.097299999999994,False
cLogP,high,1,147,546608,9.519499999999995,False
cLogP,high,1,148,214603,10.496399999999992,False
cLogP,high,1,149,73347,10.209599999999996,False
cLogP,high,1,150,136969,9.488099999999998,False
cLogP,high,1,151,229482,9.693799999999992,False
cLogP,high,1,152,470885,9.533219999999991,False
cLogP,high,1,153,413200,9.833299999999996,False
cLogP,high,1,154,562913,9.523919999999997,False
cLogP,high,1,155,21629,11.371799999999986,False
cLogP,high,1,156,168782,9.594699999999998,False
cLogP,high,1,157,208561,10.48679999999999,False
cLogP,high,1,158,50132,9.47028,False
cLogP,high,1,159,499734,10.250099999999994,False
cLogP,high,1,160,8392,10.316399999999993,False
cLogP,high,1,161,49582,9.5186,False
cLogP,high,1,162,324841,10.962799999999987,False
cLogP,high,1,163,462644,9.479599999999994,False
cLogP,high,1,164,412392,11.242599999999983,False
cLogP,high,1,165,286949,10.265299999999993,False
cLogP,high,1,166,68838,9.801199999999994,False
cLogP,high,1,167,180231,9.626689999999996,False
cLogP,high,1,168,644927,10.65779999999999,False
cLogP,high,1,169,438307,11.242599999999983,False
cLogP,high,1,170,168521,10.48189999999999,False
cLogP,high,1,171,579102,9.432599999999995,False
cLogP,high,1,172,258348,10.58259999999999,False
cLogP,high,1,173,394118,10.661399999999992,False
cLogP,high,1,174,756877,10.310099999999991,False
cLogP,high,1,175,686998,10.57799999999999,False
cLogP,high,1,176,450311,10.095099999999997,False
cLogP,high,1,177,584014,10.416939999999991,False
cLogP,high,1,178,429356,11.640199999999986,False
cLogP,high,1,179,289896,9.866799999999996,False
cLogP,high,1,180,621732,9.4644,False
cLogP,high,1,181,511628,9.608399999999998,False
cLogP,high,1,182,628768,9.433139999999996,False
cLogP,high,1,183,608418,10.496399999999992,False
cLogP,high,1,184,238652,9.796099999999996,False
cLogP,high,1,185,266767,11.011099999999988,False
cLogP,high,1,186,443,11.056699999999989,False
cLogP,high,1,187,205176,9.5186,False
cLogP,high,1,188,531400,10.216799999999994,False
cLogP,high,1,189,148450,10.45619999999999,False
cLogP,high,1,190,378716,9.778299999999998,False
cLogP,high,1,191,136115,9.602299999999994,False
cLogP,high,1,192,409227,9.434839999999998,False
cLogP,high,1,193,708396,11.273539999999986,False
cLogP,high,1,194,199359,9.602199999999998,False
cLogP,high,1,195,152670,9.406399999999998,False
cLogP,high,1,196,434474,10.56579999999999,False
cLogP,high,1,197,299248,9.892199999999994,False
cLogP,high,1,198,619526,9.410999999999998,False
cLogP,high,1,199,440731,9.633799999999995,False
cLogP,low,0,0,276881,-5.668899999999993,True
cLogP,low,0,1,156380,-7.572999999999988,True
cLogP,low,0,2,457241,-5.397199999999993,True
cLogP,low,0,3,358458,-3.4931000000000005,True
cLogP,low,0,4,439182,-5.655699999999992,True
cLogP,low,0,5,350126,-3.9766999999999935,True
cLogP,low,0,6,188309,-4.079199999999999,True
cLogP,low,0,7,393749,-5.115599999999994,True
cLogP,low,0,8,783361,-3.789399999999996,True
cLogP,low,0,9,733147,-4.406199999999994,True
cLogP,low,0,10,481307,-3.5375999999999976,True
cLogP,low,0,11,435709,-3.834600000000001,True
cLogP,low,0,12,152682,-5.253399999999992,True
cLogP,low,0,13,746982,-3.716699999999999,True
cLogP,low,0,14,702729,-6.191399999999991,True
cLogP,low,0,15,2049,-5.397199999999993,True
cLogP,low,0,16,70641,-3.8589,True
cLogP,low,0,17,742978,-5.4307999999999925,True
cLogP,low,0,18,282889,-3.652599999999999,True
cLogP,low,0,19,539826,-3.7670999999999952,True
cLogP,low,0,20,658466,-3.943099999999992,True
cLogP,low,0,21,479136,-3.494899999999996,True
cLogP,low,0,22,454650,-7.606599999999988,True
cLogP,low,0,23,327995,-4.276699999999995,True
cLogP,low,0,24,517909,-5.397199999999993,True
cLogP,low,0,25,606858,-3.491,True
cLogP,low,0,26,567482,-3.6560999999999937,True
cLogP,low,0,27,261044,-4.080699999999998,True
cLogP,low,0,28,50496,-3.637899999999999,True
cLogP,low,0,29,766581,-5.397199999999993,True
cLogP,low,0,30,343193,-3.4569000000000005,True
cLogP,low,0,31,187538,-5.301499999999988,True
cLogP,low,0,32,69796,-3.621499999999998,True
cLogP,low,0,33,385393,-3.871799999999997,True
cLogP,low,0,34,255366,-3.898799999999997,True
cLogP,low,0,35,417010,-3.619,True
cLogP,low,0,36,179884,-3.655899999999993,True
cLogP,low,0,37,770681,-6.752699999999988,True
cLogP,low,0,38,565425,-3.607799999999993,True
cLogP,low,0,39,783421,-3.725399999999997,True
cLogP,low,0,40,314717,-7.571399999999989,True
cLogP,low,0,41,87713,-7.936999999999988,True
cLogP,low,0,42,294305,-7.571399999999989,True
cLogP,low,0,43,751451,-5.395599999999993,True
cLogP,low,0,44,637663,-5.109599999999992,True
cLogP,low,0,45,495862,-3.831699999999999,True
cLogP,low,0,46,701720,-3.765399999999996,True
cLogP,low,0,47,611793,-3.903499999999999,True
cLogP,low,0,48,741947,-3.7723999999999953,True
cLogP,low,0,49,473495,-4.148699999999996,True
cLogP,low,0,50,66161,-3.819700000000001,True
cLogP,low,0,51,297042,-4.479999999999995,True
cLogP,low,0,52,483374,-5.200999999999992,True
cLogP,low,0,53,477824,-3.824099999999991,True
cLogP,low,0,54,568396,-5.554599999999993,True
cLogP,low,0,55,514327,-3.4630999999999945,True
cLogP,low,0,56,731936,-5.266599999999998,True
cLogP,low,0,57,708950,-3.692799999999994,True
cLogP,low,0,58,338718,-3.630199999999998,True
cLogP,low,0,59,418794,-3.583199999999996,True
cLogP,low,0,60,383328,-4.322699999999993,True
cLogP,low,0,61,93578,-3.611099999999996,True
cLogP,low,0,62,89898,-3.554599999999992,True
cLogP,low,0,63,488402,-4.356199999999997,True
cLogP,low,0,64,142585,-4.043099999999992,True
cLogP,low,0,65,25987,-4.768999999999993,True
cLogP,low,0,66,218466,-3.607299999999999,True
cLogP,low,0,67,649565,-3.5690999999999984,True
cLogP,low,0,68,386076,-3.5777999999999963,True
cLogP,low,0,69,79666,-3.636399999999999,True
cLogP,low,0,70,605194,-6.30549999999999,True
cLogP,low,0,71,487641,-5.253399999999992,True
cLogP,low,0,72,174788,-5.702099999999991,True
cLogP,low,0,73,467152,-3.806999999999996,True
cLogP,low,0,74,349145,-6.57899999999999,True
cLogP,low,0,75,611181,-6.52739999999999,True
cLogP,low,0,76,490859,-5.016799999999996,True
cLogP,low,0,77,575173,-3.584399999999996,True
cLogP,low,0,78,734178,-4.181799999999996,True
cLogP,low,0,79,528659,-5.266999999999992,True
cLogP,low,0,80,526723,-3.994599999999998,True
cLogP,low,0,81,178994,-4.492399999999994,True
cLogP,low,0,82,138777,-4.239499999999992,True
cLogP,low,0,83,139224,-6.295800000000006,True
cLogP,low,0,84,86960,-5.612999999999998,True
cLogP,low,0,85,650151,-4.149099999999997,True
cLogP,low,0,86,54053,-4.185299999999996,True
cLogP,low,0,87,487504,-4.193199999999994,True
cLogP,low,0,88,411498,-3.715499999999997,True
cLogP,low,0,89,236971,-3.380499999999999,True
cLogP,low,0,90,269716,-4.9154999999999935,True
cLogP,low,0,91,429091,-4.634899999999993,True
cLogP,low,0,92,460820,-3.619,True
cLogP,low,0,93,364881,-7.572999999999989,True
cLogP,low,0,94,326951,-5.395599999999993,True
cLogP,low,0,95,538600,-6.339099999999989,True
cLogP,low,0,96,621238,-5.108699999999992,True
cLogP,low,0,97,419837,-3.672299999999995,True
cLogP,low,0,98,452003,-3.973899999999993,True
cLogP,low,0,99,609253,-4.012899999999996,True
cLogP,low,0,100,481287,-3.843479999999999,True
cLogP,low,0,101,252809,-3.4688000000000003,True
cLogP,low,0,102,338726,-4.082899999999993,True
cLogP,low,0,103,199719,-4.276399999999995,True
cLogP,low,0,104,432612,-5.613,True
cLogP,low,0,105,93283,-5.397199999999993,True
cLogP,low,0,106,29133,-3.6700999999999975,True
cLogP,low,0,107,528423,-4.724899999999991,True
cLogP,low,0,108,658366,-4.049199999999996,True
cLogP,low,0,109,647843,-6.30549999999999,True
cLogP,low,0,110,2536,-4.328029999999994,True
cLogP,low,0,111,184939,-6.010399999999993,True
cLogP,low,0,112,602804,-5.668899999999993,True
cLogP,low,0,113,130456,-3.5266999999999995,True
cLogP,low,0,114,700342,-6.6523,True
cLogP,low,0,115,98799,-5.554599999999993,True
cLogP,low,0,116,662048,-3.477199999999997,True
cLogP,low,0,117,221523,-6.67929999999999,True
cLogP,low,0,118,92344,-3.405899999999996,True
cLogP,low,0,119,359358,-4.598999999999987,True
cLogP,low,0,120,328920,-5.4307999999999925,True
cLogP,low,0,121,751469,-4.343699999999995,True
cLogP,low,0,122,752591,-4.154099999999994,True
cLogP,low,0,123,270212,-3.4108000000000005,True
cLogP,low,0,124,419134,-3.715999999999994,True
cLogP,low,0,125,776478,-6.391599999999999,True
cLogP,low,0,126,596313,-5.464399999999993,True
cLogP,low,0,127,445651,-3.4008000000000007,True
cLogP,low,0,128,374466,-5.554599999999993,True
cLogP,low,0,129,480239,-6.010399999999993,True
cLogP,low,0,130,554080,-5.651699999999991,True
cLogP,low,0,131,601429,-4.271629999999993,True
cLogP,low,0,132,267559,-4.181799999999995,True
cLogP,low,0,133,94247,-3.902529999999995,True
cLogP,low,0,134,728124,-6.57899999999999,True
cLogP,low,0,135,755868,-3.6332,True
cLogP,low,0,136,422308,-5.0897,True
cLogP,low,0,137,115385,-4.062799999999994,True
cLogP,low,0,138,273512,-4.312999999999993,True
cLogP,low,0,139,587169,-3.447299999999997,True
cLogP,low,0,140,611900,-3.493299999999996,False
cLogP,low,0,141,612563,-5.651699999999991,False
cLogP,low,0,142,239494,-3.406899999999999,False
cLogP,low,0,143,72847,-3.6353999999999953,False
cLogP,low,0,144,281715,-3.995799999999999,False
cLogP,low,0,145,212818,-3.582799999999996,False
cLogP,low,0,146,134174,-5.668899999999993,False
cLogP,low,0,147,649001,-3.462099999999998,False
cLogP,low,0,148,173854,-5.397199999999993,False
cLogP,low,0,149,694664,-4.148899999999996,False
cLogP,low,0,150,536799,-3.6002999999999985,False
cLogP,low,0,151,592390,-5.552999999999993,False
cLogP,low,0,152,539602,-4.272099999999996,False
cLogP,low,0,153,301373,-3.5796999999999994,False
cLogP,low,0,154,299180,-5.552999999999993,False
cLogP,low,0,155,39312,-4.172999999999998,False
cLogP,low,0,156,321244,-3.6235,False
cLogP,low,0,157,572761,-5.607999999999992,False
cLogP,low,0,158,709837,-3.493299999999996,False
cLogP,low,0,159,353636,-4.146529999999997,False
cLogP,low,0,160,738307,-4.5132999999999965,False
cLogP,low,0,161,442406,-3.8676999999999984,False
cLogP,low,0,162,561566,-3.5070999999999963,False
cLogP,low,0,163,452032,-3.7495999999999934,False
cLogP,low,0,164,671909,-3.5193000000000003,False
cLogP,low,0,165,436778,-3.5537999999999936,False
cLogP,low,0,166,402559,-3.6700999999999975,False
cLogP,low,0,167,489380,-3.728299999999998,False
cLogP,low,0,168,785037,-4.062599999999998,False
cLogP,low,0,169,151382,-3.6456999999999935,False
cLogP,low,0,170,724990,-3.834600000000001,False
cLogP,low,0,171,374647,-3.472399999999995,False
cLogP,low,0,172,21472,-4.899399999999994,False
cLogP,low,0,173,163635,-5.554599999999993,False
cLogP,low,0,174,379869,-3.5676999999999928,False
cLogP,low,0,175,768045,-5.395599999999993,False
cLogP,low,0,176,303227,-3.4008000000000007,False
cLogP,low,0,177,239224,-5.188999999999993,False
cLogP,low,0,178,399505,-4.236099999999993,False
cLogP,low,0,179,45060,-3.5777999999999968,False
cLogP,low,0,180,551308,-6.54539999999999,False
cLogP,low,0,181,752935,-5.090799999999993,False
cLogP,low,0,182,288783,-3.422399999999996,False
cLogP,low,0,183,148677,-5.461999999999992,False
cLogP,low,0,184,403223,-6.001500000000001,False
cLogP,low,0,185,84592,-3.619,False
cLogP,low,0,186,175425,-3.728299999999998,False
cLogP,low,0,187,782091,-5.651699999999991,False
cLogP,low,0,188,416578,-4.186899999999997,False
cLogP,low,0,189,356635,-4.45239999999999,False
cLogP,low,0,190,346382,-4.225799999999993,False
cLogP,low,0,191,731631,-3.543599999999997,False
cLogP,low,0,192,677062,-4.300599999999998,False
cLogP,low,0,193,620880,-4.224199999999992,False
cLogP,low,0,194,450918,-3.4752999999999994,False
cLogP,low,0,195,212282,-7.123329999999988,False
cLogP,low,0,196,280011,-3.6264000000000007,False
cLogP,low,0,197,87732,-7.637799999999988,False
cLogP,low,0,198,83890,-5.637799999999992,False
cLogP,low,0,199,679983,-5.253399999999992,False
BertzCT,high,1,0,471385,1669.943285679989,True
BertzCT,high,1,1,494317,1767.7164372350007,True
BertzCT,high,1,2,602330,1685.980390522178,True
BertzCT,high,1,3,489969,1731.2199579809896,True
BertzCT,high,1,4,465809,1738.8932856757522,True
BertzCT,high,1,5,727837,1865.8498296535272,True
BertzCT,high,1,6,659742,1708.259876957547,True
BertzCT,high,1,7,324949,1668.122141913131,True
BertzCT,high,1,8,777584,1671.89906944694,True
BertzCT,high,1,9,495739,1724.743140605878,True
BertzCT,high,1,10,462644,1790.0685084393715,True
BertzCT,high,1,11,533413,1667.2770061401463,True
BertzCT,high,1,12,702201,1690.1452056043645,True
BertzCT,high,1,13,358336,1773.885974306432,True
BertzCT,high,1,14,722126,1673.0024826006852,True
BertzCT,high,1,15,174099,1660.6789590249966,True
BertzCT,high,1,16,669399,1662.7476913002956,True
BertzCT,high,1,17,538296,1739.3859743064318,True
BertzCT,high,1,18,423379,1674.5229226008155,True
BertzCT,high,1,19,104730,1726.2581231952693,True
BertzCT,high,1,20,637201,1680.5998296535272,True
BertzCT,high,1,21,484347,1662.7476913002956,True
BertzCT,high,1,22,365028,1669.4142965185065,True
BertzCT,high,1,23,639622,1678.2827228677224,True
BertzCT,high,1,24,18388,1664.2250100778897,True
BertzCT,high,1,25,616760,1669.943285679989,True
BertzCT,high,1,26,712854,1771.0228936815597,True
BertzCT,high,1,27,744307,1660.7030606843164,True
BertzCT,high,1,28,580691,1672.2079481864796,True
BertzCT,high,1,29,713107,1669.2228887497297,True
BertzCT,high,1,30,442464,1713.268748827455,True
BertzCT,high,1,31,552190,1713.9352925958449,True
BertzCT,high,1,32,219580,1691.8972979525563,True
BertzCT,high,1,33,465224,1726.190180098008,True
BertzCT,high,1,34,161398,1849.489893908717,True
BertzCT,high,1,35,334901,1698.8518734493186,True
BertzCT,high,1,36,710352,1670.468001247566,True
BertzCT,high,1,37,295360,1677.8405931166983,True
BertzCT,high,1,38,677569,1667.4335106756623,True
BertzCT,high,1,39,758310,1695.8516270718571,True
BertzCT,high,1,40,184333,1662.7476913002956,True
BertzCT,high,1,41,588870,1751.8853848648455,True
BertzCT,high,1,42,564671,1909.0995760518476,True
BertzCT,high,1,43,272245,1762.170186821576,True
BertzCT,high,1,44,517640,1668.0777728081594,True
BertzCT,high,1,45,477268,1716.7777091188996,True
BertzCT,high,1,46,633646,1693.6018734493186,True
BertzCT,high,1,47,395691,1856.1264047766117,True
BertzCT,high,1,48,204481,1725.4320017262162,True
BertzCT,high,1,49,377841,1706.9545825691478,True
BertzCT,high,1,50,398870,1707.493140605878,True
BertzCT,high,1,51,298950,1694.130543097874,True
BertzCT,high,1,52,142840,1701.1131589957115,True
BertzCT,high,1,53,157434,1763.9846427172974,True
BertzCT,high,1,54,250473,1688.037610369886,True
BertzCT,high,1,55,496748,1677.5096196229852,True
BertzCT,high,1,56,456418,1666.5901759109838,True
BertzCT,high,1,57,294068,1697.2571919029456,True
BertzCT,high,1,58,790977,1969.020505857824,True
BertzCT,high,1,59,666457,1702.2432798506757,True
BertzCT,high,1,60,140410,1758.0499673141812,True
BertzCT,high,1,61,90575,1891.7981968386591,True
BertzCT,high,1,62,200317,1673.111318967517,True
BertzCT,high,1,63,164789,1707.79237162539,True
BertzCT,high,1,64,621278,1715.5250093560885,True
BertzCT,high,1,65,645422,1693.243140605878,True
BertzCT,high,1,66,487011,1725.2395079896437,True
BertzCT,high,1,67,220535,1717.687369836418,True
BertzCT,high,1,68,522622,1725.9506323596431,True
BertzCT,high,1,69,792264,1763.110947354028,True
BertzCT,high,1,70,306434,1669.783118161875,True
BertzCT,high,1,71,24743,1835.5424721532088,True
BertzCT,high,1,72,345068,1686.9927075963583,True
BertzCT,high,1,73,786482,1684.8900601673956,True
BertzCT,high,1,74,620207,2179.185631573986,True
BertzCT,high,1,75,359612,1660.5761539444393,True
BertzCT,high,1,76,306887,1701.2825966210632,True
BertzCT,high,1,77,135732,1720.8527209545146,True
BertzCT,high,1,78,687752,1686.8567095056842,True
BertzCT,high,1,79,240523,1707.797780668366,True
BertzCT,high,1,80,247305,1738.2398183494722,True
BertzCT,high,1,81,280928,1678.0300692369408,True
BertzCT,high,1,82,33811,1669.222888749729,True
BertzCT,high,1,83,320162,1665.7161630139833,True
BertzCT,high,1,84,62978,1835.034771190152,True
BertzCT,high,1,85,105328,1669.2228887497297,True
BertzCT,high,1,86,306209,1678.527835365559,True
BertzCT,high,1,87,19430,1880.382998183622,True
BertzCT,high,1,88,198530,1705.135162502182,True
BertzCT,high,1,89,762431,1679.4896725843798,True
BertzCT,high,1,90,728708,1730.8902736104103,True
BertzCT,high,1,91,702063,1667.7924978720496,True
BertzCT,high,1,92,424159,1676.1129659194123,True
BertzCT,high,1,93,760353,1680.037610369886,True
BertzCT,high,1,94,694343,1678.5761539444393,True
BertzCT,high,1,95,38299,1662.2574663046223,True
BertzCT,high,1,96,39024,1672.5664698194432,True
BertzCT,high,1,97,650585,1677.9070729568832,True
BertzCT,high,1,98,563426,1688.0545968095453,True
BertzCT,high,1,99,74100,1668.122141913131,True
BertzCT,high,1,100,673329,1661.2778353655597,True
BertzCT,high,1,101,783696,1707.1573110680388,True
BertzCT,high,1,102,96103,1732.343350581144,True
BertzCT,high,1,103,554788,1699.999940530832,True
BertzCT,high,1,104,327674,1678.397297952556,True
BertzCT,high,1,105,450687,1796.351627071857,True
BertzCT,high,1,106,403089,1661.4491436360397,True
BertzCT,high,1,107,688509,1708.830969637166,True
BertzCT,high,1,108,269414,1669.4142965185065,True
BertzCT,high,1,109,361501,1683.1297481518643,True
BertzCT,high,1,110,500671,1666.8131103016694,True
BertzCT,high,1,111,771490,1713.8115656361665,True
BertzCT,high,1,112,76163,1660.6027144353864,True
BertzCT,high,1,113,214751,1686.9927075963583,True
BertzCT,high,1,114,318292,1698.9518623680278,True
BertzCT,high,1,115,386638,1693.6018734493186,True
BertzCT,high,1,116,484116,1713.7251558429818,True
BertzCT,high,1,117,329863,1684.6835106756623,True
BertzCT,high,1,118,120481,1781.7354618218403,True
BertzCT,high,1,119,413546,1669.943285679989,True
BertzCT,high,1,120,38700,1698.50071834158,True
BertzCT,high,1,121,465761,1696.243140605878,True
BertzCT,high,1,122,452917,1702.2432798506748,True
BertzCT,high,1,123,312981,1669.222888749729,True
BertzCT,high,1,124,607935,1722.509876957547,True
BertzCT,high,1,125,535151,1718.6999551023346,True
BertzCT,high,1,126,359289,1667.3022728763765,True
BertzCT,high,1,127,297492,1693.6018734493186,True
BertzCT,high,1,128,480925,1713.8115656361665,True
BertzCT,high,1,129,468929,1669.2228887497297,True
BertzCT,high,1,130,652303,1670.9661630139838,True
BertzCT,high,1,131,300330,1679.3533839913844,True
BertzCT,high,1,132,41150,1665.895205604364,True
BertzCT,high,1,133,671105,1685.1173769418767,True
BertzCT,high,1,134,240463,1713.268748827455,True
BertzCT,high,1,135,239458,1668.5229226008155,True
BertzCT,high,1,136,299276,1849.489893908717,True
BertzCT,high,1,137,62816,1685.1173769418767,True
BertzCT,high,1,138,728101,1672.6830331921783,True
BertzCT,high,1,139,683796,1720.5269104550332,True
BertzCT,high,1,140,262930,1978.9591076415284,False
BertzCT,high,1,141,525054,1737.027604279026,False
BertzCT,high,1,142,241323,1680.037610369886,False
BertzCT,high,1,143,525327,1813.744383286618,False
BertzCT,high,1,144,635175,1666.5761539444393,False
BertzCT,high,1,145,299642,1725.6337940281064,False
BertzCT,high,1,146,729418,1712.332271994867,False
BertzCT,high,1,147,330701,1669.2228887497297,False
BertzCT,high,1,148,540821,1738.1173834610051,False
BertzCT,high,1,149,481379,1715.057885929847,False
BertzCT,high,1,150,322497,1668.5229226008155,False
BertzCT,high,1,151,489197,1678.397297952556,False
BertzCT,high,1,152,5526,1669.783118161875,False
BertzCT,high,1,153,37957,1691.0072884098824,False
BertzCT,high,1,154,684125,1669.2597155351586,False
BertzCT,high,1,155,678225,1837.5986774131088,False
BertzCT,high,1,156,91205,1673.111318967517,False
BertzCT,high,1,157,265424,1734.7777091188996,False
BertzCT,high,1,158,615990,1668.122141913131,False
BertzCT,high,1,159,192359,1721.858687950362,False
BertzCT,high,1,160,774892,1723.5130466124092,False
BertzCT,high,1,161,567134,1669.2228887497297,False
BertzCT,high,1,162,395463,1774.721261875196,False
BertzCT,high,1,163,166317,1668.1263628741258,False
BertzCT,high,1,164,231497,1823.6302697617016,False
BertzCT,high,1,165,542786,1722.0774359385011,False
BertzCT,high,1,166,361265,1687.3503681210254,False
BertzCT,high,1,167,505843,1674.797780668366,False
BertzCT,high,1,168,232049,1758.104217305781,False
BertzCT,high,1,169,521687,1817.9219030437916,False
BertzCT,high,1,170,527610,1732.7754524655063,False
BertzCT,high,1,171,273121,1666.097826933223,False
BertzCT,high,1,172,546608,1745.3859743064318,False
BertzCT,high,1,173,444758,1762.170186821576,False
BertzCT,high,1,174,481166,1723.002915610205,False
BertzCT,high,1,175,479555,1745.2251558429818,False
BertzCT,high,1,176,60505,1710.9049806086912,False
BertzCT,high,1,177,102428,1727.4370980955937,False
BertzCT,high,1,178,186957,1874.64396020679,False
BertzCT,high,1,179,681204,1693.4188481691715,False
BertzCT,high,1,180,266876,1667.4335106756623,False
BertzCT,high,1,181,501037,1674.0123538067862,False
BertzCT,high,1,182,133065,1666.4288013734017,False
BertzCT,high,1,183,193666,1737.4154119893992,False
BertzCT,high,1,184,69625,1686.9927075963583,False
BertzCT,high,1,185,334310,1780.2566276118123,False
BertzCT,high,1,186,523877,1793.844451221924,False
BertzCT,high,1,187,582451,1669.2228887497297,False
BertzCT,high,1,188,82465,1720.4846204874798,False
BertzCT,high,1,189,650780,1731.1386815302697,False
BertzCT,high,1,190,141640,1686.8567095056842,False
BertzCT,high,1,191,525629,1673.8548384174742,False
BertzCT,high,1,192,599027,1666.5901759109838,False
BertzCT,high,1,193,229050,1831.5684626381649,False
BertzCT,high,1,194,136337,1673.3263778110647,False
BertzCT,high,1,195,482384,1661.4491436360393,False
BertzCT,high,1,196,754706,1742.3859743064318,False
BertzCT,high,1,197,330897,1695.418848169172,False
BertzCT,high,1,198,443242,1661.4491436360393,False
BertzCT,high,1,199,103079,1675.397297952556,False
BertzCT,low,0,0,629347,12.0,True
BertzCT,low,0,1,534,12.0,True
BertzCT,low,0,2,130818,19.219280948873624,True
BertzCT,low,0,3,500957,25.019550008653876,True
BertzCT,low,0,4,720544,12.0,True
BertzCT,low,0,5,65451,21.219280948873624,True
BertzCT,low,0,6,24187,21.019550008653876,True
BertzCT,low,0,7,381537,19.219280948873624,True
BertzCT,low,0,8,388098,21.219280948873624,True
BertzCT,low,0,9,522904,19.219280948873624,True
BertzCT,low,0,10,432937,25.019550008653876,True
BertzCT,low,0,11,252509,21.219280948873624,True
BertzCT,low,0,12,324028,19.219280948873624,True
BertzCT,low,0,13,455612,21.219280948873624,True
BertzCT,low,0,14,429720,12.0,True
BertzCT,low,0,15,69869,19.219280948873624,True
BertzCT,low,0,16,217559,21.219280948873624,True
BertzCT,low,0,17,58036,19.219280948873624,True
BertzCT,low,0,18,609825,21.219280948873624,True
BertzCT,low,0,19,397136,21.219280948873624,True
BertzCT,low,0,20,70073,21.219280948873624,True
BertzCT,low,0,21,490998,25.019550008653876,True
BertzCT,low,0,22,640189,7.509775004326936,True
BertzCT,low,0,23,583657,19.219280948873624,True
BertzCT,low,0,24,133148,19.219280948873624,True
BertzCT,low,0,25,510892,25.019550008653876,True
BertzCT,low,0,26,588717,21.219280948873624,True
BertzCT,low,0,27,5723,21.019550008653876,True
BertzCT,low,0,28,691726,21.219280948873624,True
BertzCT,low,0,29,161451,19.219280948873624,True
BertzCT,low,0,30,689163,25.019550008653876,True
BertzCT,low,0,31,277412,19.219280948873624,True
BertzCT,low,0,32,364798,21.509775004326936,True
BertzCT,low,0,33,133721,21.219280948873624,True
BertzCT,low,0,34,99623,21.219280948873624,True
BertzCT,low,0,35,204711,24.0,True
BertzCT,low,0,36,591121,21.219280948873624,True
BertzCT,low,0,37,159132,12.0,True
BertzCT,low,0,38,60185,25.019550008653876,True
BertzCT,low,0,39,436439,21.219280948873624,True
BertzCT,low,0,40,139911,12.0,True
BertzCT,low,0,41,98270,7.509775004326936,True
BertzCT,low,0,42,79381,12.0,True
BertzCT,low,0,43,208613,19.219280948873624,True
BertzCT,low,0,44,389440,19.219280948873624,True
BertzCT,low,0,45,306896,21.219280948873624,True
BertzCT,low,0,46,421906,21.219280948873624,True
BertzCT,low,0,47,75336,21.219280948873624,True
BertzCT,low,0,48,395681,21.219280948873624,True
BertzCT,low,0,49,793821,19.219280948873624,True
BertzCT,low,0,50,356485,21.219280948873624,True
BertzCT,low,0,51,470248,19.219280948873624,True
BertzCT,low,0,52,355360,19.219280948873624,True
BertzCT,low,0,53,332347,21.219280948873624,True
BertzCT,low,0,54,718499,14.0,True
BertzCT,low,0,55,558473,25.019550008653876,True
BertzCT,low,0,56,300614,19.219280948873624,True
BertzCT,low,0,57,496792,21.219280948873624,True
BertzCT,low,0,58,74349,21.509775004326936,True
BertzCT,low,0,59,147622,25.019550008653876,True
BertzCT,low,0,60,546308,19.219280948873624,True
BertzCT,low,0,61,16547,25.019550008653876,True
BertzCT,low,0,62,361221,25.019550008653876,True
BertzCT,low,0,63,543390,19.219280948873624,True
BertzCT,low,0,64,663157,21.019550008653876,True
BertzCT,low,0,65,429687,19.219280948873624,True
BertzCT,low,0,66,68627,25.019550008653876,True
BertzCT,low,0,67,336378,25.019550008653876,True
BertzCT,low,0,68,272551,25.019550008653876,True
BertzCT,low,0,69,714496,21.219280948873624,True
BertzCT,low,0,70,370149,12.0,True
BertzCT,low,0,71,327980,19.219280948873624,True
BertzCT,low,0,72,568679,12.0,True
BertzCT,low,0,73,381979,21.219280948873624,True
BertzCT,low,0,74,193137,12.0,True
BertzCT,low,0,75,328176,12.0,True
BertzCT,low,0,76,422838,19.219280948873624,True
BertzCT,low,0,77,138307,25.019550008653876,True
BertzCT,low,0,78,718063,19.219280948873624,True
BertzCT,low,0,79,285746,19.219280948873624,True
BertzCT,low,0,80,45883,21.219280948873624,True
BertzCT,low,0,81,469439,19.219280948873624,True
BertzCT,low,0,82,611503,19.219280948873624,True
BertzCT,low,0,83,413647,12.0,True
BertzCT,low,0,84,270196,14.0,True
BertzCT,low,0,85,786256,19.219280948873624,True
BertzCT,low,0,86,703520,19.219280948873624,True
BertzCT,low,0,87,682323,19.219280948873624,True
BertzCT,low,0,88,483390,21.219280948873624,True
BertzCT,low,0,89,156269,27.01955000865388,True
BertzCT,low,0,90,425853,19.219280948873624,True
BertzCT,low,0,91,449263,19.219280948873624,True
BertzCT,low,0,92,10577,25.019550008653876,True
BertzCT,low,0,93,778550,7.509775004326936,True
BertzCT,low,0,94,177810,19.219280948873624,True
BertzCT,low,0,95,345248,12.0,True
BertzCT,low,0,96,393517,19.219280948873624,True
BertzCT,low,0,97,506668,21.219280948873624,True
BertzCT,low,0,98,69133,21.219280948873624,True
BertzCT,low,0,99,712676,21.019550008653876,True
BertzCT,low,0,100,248204,21.219280948873624,True
BertzCT,low,0,101,537547,25.019550008653876,True
BertzCT,low,0,102,129073,19.651484454403228,True
BertzCT,low,0,103,585581,19.219280948873624,True
BertzCT,low,0,104,41415,14.0,True
BertzCT,low,0,105,82681,19.219280948873624,True
BertzCT,low,0,106,566939,21.219280948873624,True
BertzCT,low,0,107,441174,19.219280948873624,True
BertzCT,low,0,108,589638,21.019550008653876,True
BertzCT,low,0,109,390529,12.0,True
BertzCT,low,0,110,546099,19.219280948873624,True
BertzCT,low,0,111,459420,12.0,True
BertzCT,low,0,112,650317,12.0,True
BertzCT,low,0,113,433058,25.019550008653876,True
BertzCT,low,0,114,174506,12.0,True
BertzCT,low,0,115,516700,14.0,True
BertzCT,low,0,116,513950,25.019550008653876,True
BertzCT,low,0,117,164786,12.0,True
BertzCT,low,0,118,51276,27.01955000865388,True
BertzCT,low,0,119,457815,19.219280948873624,True
BertzCT,low,0,120,49314,19.219280948873624,True
BertzCT,low,0,121,544290,19.219280948873624,True
BertzCT,low,0,122,771801,19.219280948873624,True
BertzCT,low,0,123,789995,25.019550008653876,True
BertzCT,low,0,124,466555,21.219280948873624,True
BertzCT,low,0,125,340349,12.0,True
BertzCT,low,0,126,29600,19.219280948873624,True
BertzCT,low,0,127,141281,27.01955000865388,True
BertzCT,low,0,128,668268,14.0,True
BertzCT,low,0,129,484629,12.0,True
BertzCT,low,0,130,748623,12.0,True
BertzCT,low,0,131,607036,19.219280948873624,True
BertzCT,low,0,132,738712,19.219280948873624,True
BertzCT,low,0,133,85424,21.219280948873624,True
BertzCT,low,0,134,245657,12.0,True
BertzCT,low,0,135,35356,21.509775004326936,True
BertzCT,low,0,136,418180,19.219280948873624,True
BertzCT,low,0,137,109428,21.019550008653876,True
BertzCT,low,0,138,556635,19.219280948873624,True
BertzCT,low,0,139,695632,25.019550008653876,True
BertzCT,low,0,140,493283,25.019550008653876,False
BertzCT,low,0,141,768680,12.0,False
BertzCT,low,0,142,50179,27.01955000865388,False
BertzCT,low,0,143,732295,21.219280948873624,False
BertzCT,low,0,144,714446,21.019550008653876,False
BertzCT,low,0,145,177969,25.019550008653876,False
BertzCT,low,0,146,611683,12.0,False
BertzCT,low,0,147,632852,25.019550008653876,False
BertzCT,low,0,148,94853,19.219280948873624,False
BertzCT,low,0,149,791288,19.219280948873624,False
BertzCT,low,0,150,80752,25.019550008653876,False
BertzCT,low,0,151,6635,19.219280948873624,False
BertzCT,low,0,152,590334,19.219280948873624,False
BertzCT,low,0,153,206805,25.019550008653876,False
BertzCT,low,0,154,791040,15.509775004326936,False
BertzCT,low,0,155,745584,19.219280948873624,False
BertzCT,low,0,156,238505,21.509775004326936,False
BertzCT,low,0,157,283942,14.0,False
BertzCT,low,0,158,494712,25.019550008653876,False
BertzCT,low,0,159,25960,19.651484454403228,False
BertzCT,low,0,160,469245,19.219280948873624,False
BertzCT,low,0,161,143240,21.219280948873624,False
BertzCT,low,0,162,484483,25.019550008653876,False
BertzCT,low,0,163,425216,21.219280948873624,False
BertzCT,low,0,164,470714,25.019550008653876,False
BertzCT,low,0,165,369589,25.019550008653876,False
BertzCT,low,0,166,588368,21.219280948873624,False
BertzCT,low,0,167,432840,21.219280948873624,False
BertzCT,low,0,168,115765,21.019550008653876,False
BertzCT,low,0,169,690009,21.219280948873624,False
BertzCT,low,0,170,287312,21.219280948873624,False
BertzCT,low,0,171,523772,25.019550008653876,False
BertzCT,low,0,172,426558,19.219280948873624,False
BertzCT,low,0,173,618531,14.0,False
BertzCT,low,0,174,344208,25.019550008653876,False
BertzCT,low,0,175,211827,19.219280948873624,False
BertzCT,low,0,176,79791,27.01955000865388,False
BertzCT,low,0,177,367901,19.219280948873624,False
BertzCT,low,0,178,659150,19.219280948873624,False
BertzCT,low,0,179,255071,25.019550008653876,False
BertzCT,low,0,180,311320,12.0,False
BertzCT,low,0,181,406270,19.219280948873624,False
BertzCT,low,0,182,722068,25.019550008653876,False
BertzCT,low,0,183,38346,19.219280948873624,False
BertzCT,low,0,184,553695,12.0,False
BertzCT,low,0,185,589511,21.509775004326936,False
BertzCT,low,0,186,430157,21.219280948873624,False
BertzCT,low,0,187,778689,12.0,False
BertzCT,low,0,188,703371,19.219280948873624,False
BertzCT,low,0,189,521288,19.219280948873624,False
BertzCT,low,0,190,669657,19.219280948873624,False
BertzCT,low,0,191,374867,25.019550008653876,False
BertzCT,low,0,192,582175,19.219280948873624,False
BertzCT,low,0,193,672212,19.219280948873624,False
BertzCT,low,0,194,522380,25.019550008653876,False
BertzCT,low,0,195,151571,12.0,False
BertzCT,low,0,196,121124,21.509775004326936,False
BertzCT,low,0,197,280207,7.509775004326936,False
BertzCT,low,0,198,5829,14.0,False
BertzCT,low,0,199,346452,19.219280948873624,False
HeavyAtomCount,high,1,0,8253,35.0,True
HeavyAtomCount,high,1,1,933,35.0,True
HeavyAtomCount,high,1,2,5695,35.0,True
HeavyAtomCount,high,1,3,2361,35.0,True
HeavyAtomCount,high,1,4,1523,35.0,True
HeavyAtomCount,high,1,5,233,35.0,True
HeavyAtomCount,high,1,6,3851,35.0,True
HeavyAtomCount,high,1,7,9598,35.0,True
HeavyAtomCount,high,1,8,8081,35.0,True
HeavyAtomCount,high,1,9,2801,35.0,True
HeavyAtomCount,high,1,10,786,35.0,True
HeavyAtomCount,high,1,11,9849,35.0,True
HeavyAtomCount,high,1,12,5208,35.0,True
HeavyAtomCount,high,1,13,882,35.0,True
HeavyAtomCount,high,1,14,7922,35.0,True
HeavyAtomCount,high,1,15,11035,35.0,True
HeavyAtomCount,high,1,16,10661,35.0,True
HeavyAtomCount,high,1,17,1479,35.0,True
HeavyAtomCount,high,1,18,7614,35.0,True
HeavyAtomCount,high,1,19,2550,35.0,True
HeavyAtomCount,high,1,20,6274,35.0,True
HeavyAtomCount,high,1,21,10572,35.0,True
HeavyAtomCount,high,1,22,8785,35.0,True
HeavyAtomCount,high,1,23,7158,35.0,True
HeavyAtomCount,high,1,24,10454,35.0,True
HeavyAtomCount,high,1,25,8259,35.0,True
HeavyAtomCount,high,1,26,895,35.0,True
HeavyAtomCount,high,1,27,10999,35.0,True
HeavyAtomCount,high,1,28,8030,35.0,True
HeavyAtomCount,high,1,29,9280,35.0,True
HeavyAtomCount,high,1,30,3781,35.0,True
HeavyAtomCount,high,1,31,3401,35.0,True
HeavyAtomCount,high,1,32,5063,35.0,True
HeavyAtomCount,high,1,33,2567,35.0,True
HeavyAtomCount,high,1,34,295,35.0,True
HeavyAtomCount,high,1,35,4569,35.0,True
HeavyAtomCount,high,1,36,8094,35.0,True
HeavyAtomCount,high,1,37,7365,35.0,True
HeavyAtomCount,high,1,38,9766,35.0,True
HeavyAtomCount,high,1,39,4642,35.0,True
HeavyAtomCount,high,1,40,10477,35.0,True
HeavyAtomCount,high,1,41,1282,35.0,True
HeavyAtomCount,high,1,42,86,35.0,True
HeavyAtomCount,high,1,43,1129,35.0,True
HeavyAtomCount,high,1,44,9673,35.0,True
HeavyAtomCount,high,1,45,3236,35.0,True
HeavyAtomCount,high,1,46,4971,35.0,True
HeavyAtomCount,high,1,47,294,35.0,True
HeavyAtomCount,high,1,48,2647,35.0,True
HeavyAtomCount,high,1,49,4075,35.0,True
HeavyAtomCount,high,1,50,4054,35.0,True
HeavyAtomCount,high,1,51,4789,35.0,True
HeavyAtomCount,high,1,52,4391,35.0,True
HeavyAtomCount,high,1,53,938,35.0,True
HeavyAtomCount,high,1,54,5299,35.0,True
HeavyAtomCount,high,1,55,7377,35.0,True
HeavyAtomCount,high,1,56,9926,35.0,True
HeavyAtomCount,high,1,57,4626,35.0,True
HeavyAtomCount,high,1,58,66,35.0,True
HeavyAtomCount,high,1,59,4264,35.0,True
HeavyAtomCount,high,1,60,1268,35.0,True
HeavyAtomCount,high,1,61,124,35.0,True
HeavyAtomCount,high,1,62,7835,35.0,True
HeavyAtomCount,high,1,63,3914,35.0,True
HeavyAtomCount,high,1,64,3379,35.0,True
HeavyAtomCount,high,1,65,5058,35.0,True
HeavyAtomCount,high,1,66,2747,35.0,True
HeavyAtomCount,high,1,67,3098,35.0,True
HeavyAtomCount,high,1,68,2579,35.0,True
HeavyAtomCount,high,1,69,944,35.0,True
HeavyAtomCount,high,1,70,8632,35.0,True
HeavyAtomCount,high,1,71,472,35.0,True
HeavyAtomCount,high,1,72,5425,35.0,True
HeavyAtomCount,high,1,73,5897,35.0,True
HeavyAtomCount,high,1,74,39,35.0,True
HeavyAtomCount,high,1,75,11110,35.0,True
HeavyAtomCount,high,1,76,4304,35.0,True
HeavyAtomCount,high,1,77,2944,35.0,True
HeavyAtomCount,high,1,78,5651,35.0,True
HeavyAtomCount,high,1,79,3853,35.0,True
HeavyAtomCount,high,1,80,1797,35.0,True
HeavyAtomCount,high,1,81,7285,35.0,True
HeavyAtomCount,high,1,82,9282,35.0,True
HeavyAtomCount,high,1,83,10327,35.0,True
HeavyAtomCount,high,1,84,542,35.0,True
HeavyAtomCount,high,1,85,8885,35.0,True
HeavyAtomCount,high,1,86,6735,35.0,True
HeavyAtomCount,high,1,87,173,35.0,True
HeavyAtomCount,high,1,88,4135,35.0,True
HeavyAtomCount,high,1,89,6632,35.0,True
HeavyAtomCount,high,1,90,2378,35.0,True
HeavyAtomCount,high,1,91,9702,35.0,True
HeavyAtomCount,high,1,92,7431,35.0,True
HeavyAtomCount,high,1,93,6422,35.0,True
HeavyAtomCount,high,1,94,6640,35.0,True
HeavyAtomCount,high,1,95,10701,35.0,True
HeavyAtomCount,high,1,96,7995,35.0,True
HeavyAtomCount,high,1,97,7317,35.0,True
HeavyAtomCount,high,1,98,5224,35.0,True
HeavyAtomCount,high,1,99,9569,35.0,True
HeavyAtomCount,high,1,100,10958,35.0,True
HeavyAtomCount,high,1,101,4063,35.0,True
HeavyAtomCount,high,1,102,2328,35.0,True
HeavyAtomCount,high,1,103,4493,35.0,True
HeavyAtomCount,high,1,104,6961,35.0,True
HeavyAtomCount,high,1,105,726,35.0,True
HeavyAtomCount,high,1,106,10729,35.0,True
HeavyAtomCount,high,1,107,3849,35.0,True
HeavyAtomCount,high,1,108,8707,35.0,True
HeavyAtomCount,high,1,109,6042,35.0,True
HeavyAtomCount,high,1,110,9874,35.0,True
HeavyAtomCount,high,1,111,3444,35.0,True
HeavyAtomCount,high,1,112,11079,35.0,True
HeavyAtomCount,high,1,113,5422,35.0,True
HeavyAtomCount,high,1,114,4524,35.0,True
HeavyAtomCount,high,1,115,4928,35.0,True
HeavyAtomCount,high,1,116,3476,35.0,True
HeavyAtomCount,high,1,117,5953,35.0,True
HeavyAtomCount,high,1,118,843,35.0,True
HeavyAtomCount,high,1,119,8153,35.0,True
HeavyAtomCount,high,1,120,4597,35.0,True
HeavyAtomCount,high,1,121,4631,35.0,True
HeavyAtomCount,high,1,122,4292,35.0,True
HeavyAtomCount,high,1,123,9340,35.0,True
HeavyAtomCount,high,1,124,2878,35.0,True
HeavyAtomCount,high,1,125,3089,35.0,True
HeavyAtomCount,high,1,126,9814,35.0,True
HeavyAtomCount,high,1,127,4818,35.0,True
HeavyAtomCount,high,1,128,3407,35.0,True
HeavyAtomCount,high,1,129,9131,35.0,True
HeavyAtomCount,high,1,130,8091,35.0,True
HeavyAtomCount,high,1,131,6633,35.0,True
HeavyAtomCount,high,1,132,10228,35.0,True
HeavyAtomCount,high,1,133,5844,35.0,True
HeavyAtomCount,high,1,134,3616,35.0,True
HeavyAtomCount,high,1,135,9498,35.0,True
HeavyAtomCount,high,1,136,331,35.0,True
HeavyAtomCount,high,1,137,5734,35.0,True
HeavyAtomCount,high,1,138,7928,35.0,True
HeavyAtomCount,high,1,139,3014,35.0,True
HeavyAtomCount,high,1,140,49,35.0,False
HeavyAtomCount,high,1,141,2179,35.0,False
HeavyAtomCount,high,1,142,6276,35.0,False
HeavyAtomCount,high,1,143,718,35.0,False
HeavyAtomCount,high,1,144,10031,35.0,False
HeavyAtomCount,high,1,145,2607,35.0,False
HeavyAtomCount,high,1,146,3793,35.0,False
HeavyAtomCount,high,1,147,8892,35.0,False
HeavyAtomCount,high,1,148,1916,35.0,False
HeavyAtomCount,high,1,149,3386,35.0,False
HeavyAtomCount,high,1,150,9520,35.0,False
HeavyAtomCount,high,1,151,6989,35.0,False
HeavyAtomCount,high,1,152,8442,35.0,False
HeavyAtomCount,high,1,153,5178,35.0,False
HeavyAtomCount,high,1,154,8819,35.0,False
HeavyAtomCount,high,1,155,449,35.0,False
HeavyAtomCount,high,1,156,7817,35.0,False
HeavyAtomCount,high,1,157,2233,35.0,False
HeavyAtomCount,high,1,158,9632,35.0,False
HeavyAtomCount,high,1,159,2939,35.0,False
HeavyAtomCount,high,1,160,2828,35.0,False
HeavyAtomCount,high,1,161,9170,35.0,False
HeavyAtomCount,high,1,162,859,35.0,False
HeavyAtomCount,high,1,163,9568,35.0,False
HeavyAtomCount,high,1,164,601,35.0,False
HeavyAtomCount,high,1,165,2924,35.0,False
HeavyAtomCount,high,1,166,5347,35.0,False
HeavyAtomCount,high,1,167,7528,35.0,False
HeavyAtomCount,high,1,168,1149,35.0,False
HeavyAtomCount,high,1,169,610,35.0,False
HeavyAtomCount,high,1,170,2239,35.0,False
HeavyAtomCount,high,1,171,10194,35.0,False
HeavyAtomCount,high,1,172,1316,35.0,False
HeavyAtomCount,high,1,173,1138,35.0,False
HeavyAtomCount,high,1,174,2845,35.0,False
HeavyAtomCount,high,1,175,1467,35.0,False
HeavyAtomCount,high,1,176,3833,35.0,False
HeavyAtomCount,high,1,177,2535,35.0,False
HeavyAtomCount,high,1,178,220,35.0,False
HeavyAtomCount,high,1,179,5009,35.0,False
HeavyAtomCount,high,1,180,9753,35.0,False
HeavyAtomCount,high,1,181,7617,35.0,False
HeavyAtomCount,high,1,182,10165,35.0,False
HeavyAtomCount,high,1,183,2174,35.0,False
HeavyAtomCount,high,1,184,5375,35.0,False
HeavyAtomCount,high,1,185,856,35.0,False
HeavyAtomCount,high,1,186,778,35.0,False
HeavyAtomCount,high,1,187,9187,35.0,False
HeavyAtomCount,high,1,188,3069,35.0,False
HeavyAtomCount,high,1,189,2372,35.0,False
HeavyAtomCount,high,1,190,5560,35.0,False
HeavyAtomCount,high,1,191,7651,35.0,False
HeavyAtomCount,high,1,192,9979,35.0,False
HeavyAtomCount,high,1,193,585,35.0,False
HeavyAtomCount,high,1,194,7732,35.0,False
HeavyAtomCount,high,1,195,10951,35.0,False
HeavyAtomCount,high,1,196,1475,35.0,False
HeavyAtomCount,high,1,197,4758,35.0,False
HeavyAtomCount,high,1,198,10739,35.0,False
HeavyAtomCount,high,1,199,7435,35.0,False
HeavyAtomCount,low,0,0,249546,5.0,True
HeavyAtomCount,low,0,1,44250,5.0,True
HeavyAtomCount,low,0,2,537723,5.0,True
HeavyAtomCount,low,0,3,203292,6.0,True
HeavyAtomCount,low,0,4,270196,5.0,True
HeavyAtomCount,low,0,5,69869,6.0,True
HeavyAtomCount,low,0,6,55182,6.0,True
HeavyAtomCount,low,0,7,677943,5.0,True
HeavyAtomCount,low,0,8,108508,6.0,True
HeavyAtomCount,low,0,9,1772,6.0,True
HeavyAtomCount,low,0,10,191221,6.0,True
HeavyAtomCount,low,0,11,85866,6.0,True
HeavyAtomCount,low,0,12,631196,5.0,True
HeavyAtomCount,low,0,13,128159,6.0,True
HeavyAtomCount,low,0,14,156269,5.0,True
HeavyAtomCount,low,0,15,516700,5.0,True
HeavyAtomCount,low,0,16,82681,6.0,True
HeavyAtomCount,low,0,17,507778,5.0,True
HeavyAtomCount,low,0,18,139118,6.0,True
HeavyAtomCount,low,0,19,109676,6.0,True
HeavyAtomCount,low,0,20,70450,6.0,True
HeavyAtomCount,low,0,21,194599,6.0,True
HeavyAtomCount,low,0,22,32231,5.0,True
HeavyAtomCount,low,0,23,9035,6.0,True
HeavyAtomCount,low,0,24,567985,5.0,True
HeavyAtomCount,low,0,25,208776,6.0,True
HeavyAtomCount,low,0,26,138469,6.0,True
HeavyAtomCount,low,0,27,53787,6.0,True
HeavyAtomCount,low,0,28,140317,6.0,True
HeavyAtomCount,low,0,29,568500,5.0,True
HeavyAtomCount,low,0,30,220704,6.0,True
HeavyAtomCount,low,0,31,605597,5.0,True
HeavyAtomCount,low,0,32,158676,6.0,True
HeavyAtomCount,low,0,33,77824,6.0,True
HeavyAtomCount,low,0,34,76781,6.0,True
HeavyAtomCount,low,0,35,160749,6.0,True
HeavyAtomCount,low,0,36,139044,6.0,True
HeavyAtomCount,low,0,37,66752,5.0,True
HeavyAtomCount,low,0,38,164693,6.0,True
HeavyAtomCount,low,0,39,123140,6.0,True
HeavyAtomCount,low,0,40,50267,5.0,True
HeavyAtomCount,low,0,41,5829,5.0,True
HeavyAtomCount,low,0,42,50179,5.0,True
HeavyAtomCount,low,0,43,577091,5.0,True
HeavyAtomCount,low,0,44,690009,5.0,True
HeavyAtomCount,low,0,45,93190,6.0,True
HeavyAtomCount,low,0,46,111068,6.0,True
HeavyAtomCount,low,0,47,75289,6.0,True
HeavyAtomCount,low,0,48,109428,6.0,True
HeavyAtomCount,low,0,49,45883,6.0,True
HeavyAtomCount,low,0,50,103013,6.0,True
HeavyAtomCount,low,0,51,789688,5.0,True
HeavyAtomCount,low,0,52,668268,5.0,True
HeavyAtomCount,low,0,53,99668,6.0,True
HeavyAtomCount,low,0,54,442323,5.0,True
HeavyAtomCount,low,0,55,215930,6.0,True
HeavyAtomCount,low,0,56,618531,5.0,True
HeavyAtomCount,low,0,57,130818,6.0,True
HeavyAtomCount,low,0,58,148906,6.0,True
HeavyAtomCount,low,0,59,170023,6.0,True
HeavyAtomCount,low,0,60,6635,6.0,True
HeavyAtomCount,low,0,61,163470,6.0,True
HeavyAtomCount,low,0,62,182932,6.0,True
HeavyAtomCount,low,0,63,2547,6.0,True
HeavyAtomCount,low,0,64,65451,6.0,True
HeavyAtomCount,low,0,65,734795,5.0,True
HeavyAtomCount,low,0,66,164786,6.0,True
HeavyAtomCount,low,0,67,182487,6.0,True
HeavyAtomCount,low,0,68,177810,6.0,True
HeavyAtomCount,low,0,69,143240,6.0,True
HeavyAtomCount,low,0,70,141281,5.0,True
HeavyAtomCount,low,0,71,640189,5.0,True
HeavyAtomCount,low,0,72,193148,5.0,True
HeavyAtomCount,low,0,73,104478,6.0,True
HeavyAtomCount,low,0,74,98270,5.0,True
HeavyAtomCount,low,0,75,111338,5.0,True
HeavyAtomCount,low,0,76,718499,5.0,True
HeavyAtomCount,low,0,77,169686,6.0,True
HeavyAtomCount,low,0,78,36386,6.0,True
HeavyAtomCount,low,0,79,610610,5.0,True
HeavyAtomCount,low,0,80,69133,6.0,True
HeavyAtomCount,low,0,81,782433,5.0,True
HeavyAtomCount,low,0,82,14512,6.0,True
HeavyAtomCount,low,0,83,155766,5.0,True
HeavyAtomCount,low,0,84,307938,5.0,True
HeavyAtomCount,low,0,85,43065,6.0,True
HeavyAtomCount,low,0,86,29600,6.0,True
HeavyAtomCount,low,0,87,24187,6.0,True
HeavyAtomCount,low,0,88,128754,6.0,True
HeavyAtomCount,low,0,89,241449,6.0,True
HeavyAtomCount,low,0,90,718807,5.0,True
HeavyAtomCount,low,0,91,777396,5.0,True
HeavyAtomCount,low,0,92,161810,6.0,True
HeavyAtomCount,low,0,93,41415,5.0,True
HeavyAtomCount,low,0,94,575054,5.0,True
HeavyAtomCount,low,0,95,135940,5.0,True
HeavyAtomCount,low,0,96,705017,5.0,True
HeavyAtomCount,low,0,97,131210,6.0,True
HeavyAtomCount,low,0,98,70073,6.0,True
HeavyAtomCount,low,0,99,68629,6.0,True
HeavyAtomCount,low,0,100,85424,6.0,True
HeavyAtomCount,low,0,101,215002,6.0,True
HeavyAtomCount,low,0,102,51036,6.0,True
HeavyAtomCount,low,0,103,13616,6.0,True
HeavyAtomCount,low,0,104,306896,5.0,True
HeavyAtomCount,low,0,105,517592,5.0,True
HeavyAtomCount,low,0,106,132812,6.0,True
HeavyAtomCount,low,0,107,739906,5.0,True
HeavyAtomCount,low,0,108,61304,6.0,True
HeavyAtomCount,low,0,109,152265,5.0,True
HeavyAtomCount,low,0,110,5723,6.0,True
HeavyAtomCount,low,0,111,160706,5.0,True
HeavyAtomCount,low,0,112,269764,5.0,True
HeavyAtomCount,low,0,113,191314,6.0,True
HeavyAtomCount,low,0,114,79791,5.0,True
HeavyAtomCount,low,0,115,326744,5.0,True
HeavyAtomCount,low,0,116,209001,6.0,True
HeavyAtomCount,low,0,117,79427,5.0,True
HeavyAtomCount,low,0,118,231439,6.0,True
HeavyAtomCount,low,0,119,778550,5.0,True
HeavyAtomCount,low,0,120,483390,5.0,True
HeavyAtomCount,low,0,121,4219,6.0,True
HeavyAtomCount,low,0,122,42605,6.0,True
HeavyAtomCount,low,0,123,226656,6.0,True
HeavyAtomCount,low,0,124,128290,6.0,True
HeavyAtomCount,low,0,125,112206,5.0,True
HeavyAtomCount,low,0,126,466592,5.0,True
HeavyAtomCount,low,0,127,235847,6.0,True
HeavyAtomCount,low,0,128,407828,5.0,True
HeavyAtomCount,low,0,129,167237,5.0,True
HeavyAtomCount,low,0,130,271339,5.0,True
HeavyAtomCount,low,0,131,14329,6.0,True
HeavyAtomCount,low,0,132,38346,6.0,True
HeavyAtomCount,low,0,133,75336,6.0,True
HeavyAtomCount,low,0,134,99623,5.0,True
HeavyAtomCount,low,0,135,145439,6.0,True
HeavyAtomCount,low,0,136,716694,5.0,True
HeavyAtomCount,low,0,137,55268,6.0,True
HeavyAtomCount,low,0,138,7712,6.0,True
HeavyAtomCount,low,0,139,220769,6.0,True
HeavyAtomCount,low,0,140,196350,6.0,False
HeavyAtomCount,low,0,141,280207,5.0,False
HeavyAtomCount,low,0,142,230933,6.0,False
HeavyAtomCount,low,0,143,145097,6.0,False
HeavyAtomCount,low,0,144,68980,6.0,False
HeavyAtomCount,low,0,145,172869,6.0,False
HeavyAtomCount,low,0,146,237962,5.0,False
HeavyAtomCount,low,0,147,217559,6.0,False
HeavyAtomCount,low,0,148,523690,5.0,False
HeavyAtomCount,low,0,149,43689,6.0,False
HeavyAtomCount,low,0,150,165219,6.0,False
HeavyAtomCount,low,0,151,466555,5.0,False
HeavyAtomCount,low,0,152,14053,6.0,False
HeavyAtomCount,low,0,153,174506,6.0,False
HeavyAtomCount,low,0,154,464104,5.0,False
HeavyAtomCount,low,0,155,42325,6.0,False
HeavyAtomCount,low,0,156,151571,6.0,False
HeavyAtomCount,low,0,157,325729,5.0,False
HeavyAtomCount,low,0,158,202736,6.0,False
HeavyAtomCount,low,0,159,49085,6.0,False
HeavyAtomCount,low,0,160,781686,5.0,False
HeavyAtomCount,low,0,161,79381,6.0,False
HeavyAtomCount,low,0,162,193137,6.0,False
HeavyAtomCount,low,0,163,115765,6.0,False
HeavyAtomCount,low,0,164,192798,6.0,False
HeavyAtomCount,low,0,165,184824,6.0,False
HeavyAtomCount,low,0,166,133721,6.0,False
HeavyAtomCount,low,0,167,122097,6.0,False
HeavyAtomCount,low,0,168,57624,6.0,False
HeavyAtomCount,low,0,169,139911,6.0,False
HeavyAtomCount,low,0,170,92329,6.0,False
HeavyAtomCount,low,0,171,211533,6.0,False
HeavyAtomCount,low,0,172,732295,5.0,False
HeavyAtomCount,low,0,173,356485,5.0,False
HeavyAtomCount,low,0,174,182882,6.0,False
HeavyAtomCount,low,0,175,588717,5.0,False
HeavyAtomCount,low,0,176,234330,6.0,False
HeavyAtomCount,low,0,177,670555,5.0,False
HeavyAtomCount,low,0,178,15131,6.0,False
HeavyAtomCount,low,0,179,175082,6.0,False
HeavyAtomCount,low,0,180,105565,5.0,False
HeavyAtomCount,low,0,181,714496,5.0,False
HeavyAtomCount,low,0,182,221912,6.0,False
HeavyAtomCount,low,0,183,481436,5.0,False
HeavyAtomCount,low,0,184,191175,5.0,False
HeavyAtomCount,low,0,185,159132,6.0,False
HeavyAtomCount,low,0,186,117747,6.0,False
HeavyAtomCount,low,0,187,283942,5.0,False
HeavyAtomCount,low,0,188,24559,6.0,False
HeavyAtomCount,low,0,189,534,6.0,False
HeavyAtomCount,low,0,190,17804,6.0,False
HeavyAtomCount,low,0,191,188354,6.0,False
HeavyAtomCount,low,0,192,7979,6.0,False
HeavyAtomCount,low,0,193,17981,6.0,False
HeavyAtomCount,low,0,194,210903,6.0,False
HeavyAtomCount,low,0,195,51276,5.0,False
HeavyAtomCount,low,0,196,151544,6.0,False
HeavyAtomCount,low,0,197,21325,5.0,False
HeavyAtomCount,low,0,198,292108,5.0,False
HeavyAtomCount,low,0,199,656218,5.0,False
