property,alpha,latent_displacement,paired_seeds,raw_valid_fraction,chemspace_valid_fraction,raw_median_expected_improvement,chemspace_median_expected_improvement,median_improvement_difference_chemspace_minus_raw,raw_median_seed_similarity,chemspace_median_seed_similarity
BertzCT,-150.0,150.0,50,1.0,0.96,733.5321357194807,-1045.1982679696544,-1794.6060389700224,0.02817460317460317,0.034250585480093645
BertzCT,-146.96969696969697,146.96969696969697,50,1.0,0.96,733.5321357194807,-1045.1982679696544,-1794.6060389700224,0.02817460317460317,0.034250585480093645
BertzCT,-143.93939393939394,143.93939393939394,50,1.0,0.94,733.5321357194807,-1075.157354325591,-1794.6060389700224,0.027777777777777776,0.0357142857142857
BertzCT,-140.9090909090909,140.9090909090909,50,1.0,0.94,733.5321357194807,-1075.157354325591,-1794.6060389700224,0.027777777777777776,0.0357142857142857
BertzCT,-137.87878787878788,137.87878787878788,50,1.0,0.94,733.5321357194807,-1015.2391816137176,-1794.6060389700224,0.02817460317460317,0.0357142857142857
BertzCT,-134.84848484848484,134.84848484848484,50,1.0,0.9,733.5321357194807,-1075.157354325591,-1794.6060389700224,0.02817460317460317,0.0357142857142857
BertzCT,-131.8181818181818,131.8181818181818,50,1.0,0.9,733.5321357194807,-1015.2391816137176,-1794.6060389700224,0.02817460317460317,0.0357142857142857
BertzCT,-128.78787878787878,128.78787878787878,50,1.0,0.9,733.5321357194807,-1015.2391816137176,-1794.6060389700224,0.029437229437229435,0.0357142857142857
BertzCT,-125.75757575757575,125.75757575757575,50,1.0,0.88,733.5321357194807,-1045.1982679696544,-1794.6060389700224,0.029437229437229435,0.036038961038960995
BertzCT,-122.72727272727272,122.72727272727272,50,1.0,0.86,733.5321357194807,-969.3884139994844,-1794.6060389700224,0.034482758620689655,0.0363636363636363
BertzCT,-119.69696969696969,119.69696969696969,50,1.0,0.86,733.5321357194807,-969.3884139994844,-1794.6060389700224,0.03478523895946763,0.0363636363636363
BertzCT,-116.66666666666666,116.66666666666666,50,1.0,0.82,733.5321357194807,-952.3418921306136,-1794.6060389700222,0.03540100250626566,0.0363636363636363
BertzCT,-113.63636363636364,113.63636363636364,50,1.0,0.8,733.5321357194807,-921.8595024991184,-1792.6060389700224,0.03540100250626566,0.0363636363636363
BertzCT,-110.60606060606061,110.60606060606061,50,1.0,0.8,733.5321357194807,-690.6080535461715,-1785.2285952189407,0.038838612368024134,0.036038961038960995
BertzCT,-107.57575757575758,107.57575757575758,50,1.0,0.78,733.5321357194807,-598.8300493301242,-1761.3030700612157,0.038838612368024134,0.0363636363636363
BertzCT,-104.54545454545455,104.54545454545455,50,1.0,0.78,733.5321357194807,-238.29412160182895,-567.5278502336547,0.038838612368024134,0.0363636363636363
BertzCT,-101.51515151515152,101.51515151515152,50,1.0,0.78,733.5321357194807,243.2680564828255,-40.0,0.03708791208791209,0.0363636363636363
BertzCT,-98.48484848484848,98.48484848484848,50,1.0,0.74,733.5321357194807,323.2246106143078,-33.30296890880649,0.038838612368024134,0.0363636363636363
BertzCT,-95.45454545454545,95.45454545454545,50,1.0,0.74,733.5321357194807,396.499379292522,-2.0,0.04044117647058823,0.037037037037037
BertzCT,-92.42424242424242,92.42424242424242,50,1.0,0.74,731.154691968399,396.499379292522,0.0,0.0392156862745098,0.037037037037037
BertzCT,-89.39393939393939,89.39393939393939,50,1.0,0.74,724.348847242185,397.81326077302657,0.0,0.043560606060606064,0.024390243902439
BertzCT,-86.36363636363637,86.36363636363637,50,1.0,0.74,723.1037347443485,465.6519131322054,0.0,0.05263157894736842,0.024390243902439
BertzCT,-83.33333333333333,83.33333333333333,50,1.0,0.74,722.3988356241724,542.9693340915088,0.0,0.05442428730099963,0.0232558139534883
BertzCT,-80.3030303030303,80.3030303030303,50,1.0,0.74,722.3988356241724,566.0010355519379,2.0,0.05771365149833518,0.0232558139534883
BertzCT,-77.27272727272728,77.27272727272728,50,1.0,0.74,724.5821241014681,639.458821325623,4.754887502163456,0.05941176470588235,0.0222222222222222
BertzCT,-74.24242424242425,74.24242424242425,50,1.0,0.74,720.9724836270314,640.4924236266434,7.50977500432694,0.06186224489795918,0.0
BertzCT,-71.21212121212122,71.21212121212122,50,1.0,0.74,713.2535605285822,640.4924236266434,14.0,0.06857366771159874,0.0
BertzCT,-68.18181818181819,68.18181818181819,50,1.0,0.74,709.2870232216442,640.4924236266434,15.509775004326912,0.06854460093896714,0.0
BertzCT,-65.15151515151516,65.15151515151516,50,1.0,0.74,703.1505977902827,640.4924236266434,21.21928094887363,0.07785336356764927,0.0
BertzCT,-62.121212121212125,62.121212121212125,50,1.0,0.74,667.3630942393881,640.4924236266434,29.793193904479494,0.08558275789914208,0.0
BertzCT,-59.09090909090909,59.09090909090909,50,1.0,0.76,659.3081203239196,663.8160033413495,33.54808140664301,0.08706952566601689,0.0
BertzCT,-56.06060606060606,56.06060606060606,50,1.0,0.76,600.6858360201005,663.8160033413495,53.74860596185445,0.0967741935483871,0.0
BertzCT,-53.03030303030303,53.03030303030303,50,1.0,0.76,613.5258011261005,663.8160033413495,69.07329781366417,0.10839160839160839,0.0
BertzCT,-50.0,50.0,50,1.0,0.78,560.2733998757815,640.4924236266434,103.6969428639286,0.11630434782608695,0.0
BertzCT,-46.96969696969697,46.96969696969697,50,1.0,0.78,535.2634684326149,640.4924236266434,109.20671786825551,0.126131221719457,0.0
BertzCT,-43.93939393939394,43.93939393939394,50,1.0,0.78,539.6841531994223,640.4924236266434,126.97373660251156,0.11566332218506131,0.0
BertzCT,-40.90909090909091,40.90909090909091,50,1.0,0.78,468.1437151762429,640.4924236266434,180.21499122004116,0.12004801920768307,0.0
BertzCT,-37.878787878787875,37.878787878787875,50,1.0,0.8,481.1159536031197,663.8160033413495,183.21499122004107,0.13636363636363635,0.0
BertzCT,-34.848484848484844,34.848484848484844,50,1.0,0.82,450.38383227982854,687.1395830560557,188.57407497429568,0.15620915032679739,0.0
BertzCT,-31.818181818181813,31.818181818181813,50,1.0,0.84,374.38095854941173,700.3441222322309,267.4423132419005,0.19174208144796379,0.0
BertzCT,-28.787878787878782,28.787878787878782,50,1.0,0.84,304.80503306954455,700.3441222322309,317.2259130250232,0.2142261159783062,0.0
BertzCT,-25.757575757575765,25.757575757575765,50,1.0,0.84,252.50776717574308,700.3441222322309,366.416132536964,0.26110154905335625,0.0
BertzCT,-22.727272727272734,22.727272727272734,50,1.0,0.88,167.78743596870356,700.3441222322309,419.580531872258,0.4029540047581285,0.0
BertzCT,-19.69696969696969,19.69696969696969,50,1.0,0.88,95.1732515037022,700.3441222322309,568.2809193661922,0.5579710144927537,0.0211111111111111
BertzCT,-16.666666666666657,16.666666666666657,50,1.0,0.92,56.18174615891667,714.2535605285822,591.2599538718193,0.6881720430107527,0.0263340263340263
BertzCT,-13.636363636363626,13.636363636363626,50,1.0,0.96,-0.0,716.2035721465948,690.8067883376973,1.0,0.030776515151515152
BertzCT,-10.606060606060595,10.606060606060595,50,1.0,1.0,-0.0,733.5321357194807,716.2035721465948,1.0,0.0344827586206896
BertzCT,-7.575757575757564,7.575757575757564,50,1.0,1.0,-0.0,729.2046803503864,713.2535605285822,1.0,0.0647031539888682
BertzCT,-4.545454545454561,4.545454545454561,50,1.0,1.0,-0.0,523.4182425147944,523.4182425147944,1.0,0.11882352941176469
BertzCT,-1.5151515151515298,1.5151515151515298,50,1.0,1.0,-0.0,-0.0,0.0,1.0,1.0
BertzCT,1.5151515151515014,1.5151515151515014,50,1.0,1.0,0.0,0.0,0.0,1.0,1.0
BertzCT,4.5454545454545325,4.5454545454545325,50,1.0,1.0,0.0,158.57421958232123,158.57421958232123,1.0,0.25131578947368416
BertzCT,7.575757575757564,7.575757575757564,50,1.0,1.0,0.0,79.0222019272029,79.02220192720284,1.0,0.10612764816304635
BertzCT,10.606060606060595,10.606060606060595,50,1.0,1.0,0.0,297.51031121158763,236.47244315796792,1.0,0.09128745837957819
BertzCT,13.636363636363626,13.636363636363626,50,1.0,1.0,0.0,1394.3979024558066,1394.3979024558066,1.0,0.06661489821953515
BertzCT,16.666666666666657,16.666666666666657,50,1.0,1.0,5.684341886080802e-14,3144.378166277831,3079.466507887606,0.6536264282165921,0.06047544409613375
BertzCT,19.69696969696969,19.69696969696969,50,1.0,1.0,96.26520405367899,6283.563813772211,6233.841830079553,0.5378571428571428,0.0434782608695652
BertzCT,22.72727272727272,22.72727272727272,50,1.0,1.0,91.05315837813117,7885.183801472611,7817.366879851497,0.5067567567567568,0.0269696969696969
BertzCT,25.75757575757575,25.75757575757575,50,1.0,1.0,110.7841349777101,8759.956691263124,8522.424921209444,0.4609800362976406,0.02187425292852015
BertzCT,28.787878787878782,28.787878787878782,50,1.0,1.0,156.97008861626063,9415.102042645323,9253.87782942395,0.40161290322580645,0.0142022562449637
BertzCT,31.818181818181813,31.818181818181813,50,1.0,1.0,104.95421974387,10105.270393788243,9932.16758837947,0.30033404190707563,0.0143892339544513
BertzCT,34.848484848484844,34.848484848484844,50,1.0,1.0,116.96734073935454,10416.971209010142,10190.23670444175,0.2619047619047619,0.0
BertzCT,37.878787878787875,37.878787878787875,50,1.0,1.0,147.94935724434134,10493.128921508103,10321.049587801142,0.21182983682983683,0.0
BertzCT,40.90909090909091,40.90909090909091,50,1.0,1.0,147.26587415327475,10494.426861564138,10360.628655647784,0.18657357679914072,0.0
BertzCT,43.93939393939394,43.93939393939394,50,1.0,1.0,163.50905316582885,10477.257353786725,10379.895477350852,0.16552511415525112,0.0
BertzCT,46.96969696969697,46.96969696969697,50,1.0,1.0,154.36708212566555,10477.257353786725,10361.22022113454,0.1368421052631579,0.0
BertzCT,50.0,50.0,50,1.0,1.0,137.53485742249916,10516.054305315221,10303.860004887185,0.1256578947368421,0.0
BertzCT,53.03030303030303,53.03030303030303,50,1.0,1.0,215.16386267443949,10536.68581662581,10294.980572200599,0.12382075471698113,0.0
BertzCT,56.06060606060606,56.06060606060606,50,1.0,1.0,272.7612696148621,10536.68581662581,10281.267711674396,0.10748574857485749,0.0
BertzCT,59.09090909090909,59.09090909090909,50,1.0,1.0,328.0537236856029,10536.68581662581,10229.523409520138,0.10768500948766604,0.0
BertzCT,62.121212121212125,62.121212121212125,50,1.0,1.0,317.4588193684228,10536.68581662581,10294.90311080913,0.10724554341575618,0.0
BertzCT,65.15151515151516,65.15151515151516,50,1.0,1.0,321.2595574068524,10536.68581662581,10268.617963483986,0.0935935935935936,0.0
BertzCT,68.18181818181819,68.18181818181819,50,1.0,1.0,344.08808010361383,10536.68581662581,10287.97651322114,0.0945382323733863,0.0
BertzCT,71.21212121212122,71.21212121212122,50,1.0,1.0,297.2330806737944,10566.644902981747,10277.424145616107,0.0949874686716792,0.0
BertzCT,74.24242424242425,74.24242424242425,50,1.0,1.0,372.20807621006486,10566.644902981747,10193.474988724227,0.08919160783533857,0.0
BertzCT,77.27272727272728,77.27272727272728,50,1.0,1.0,344.0669139530374,10566.644902981747,10225.232196249997,0.09032634032634032,0.0
BertzCT,80.30303030303031,80.30303030303031,50,1.0,1.0,477.9120451644219,10566.644902981747,10147.915182318808,0.08164115380610226,0.0
BertzCT,83.33333333333334,83.33333333333334,50,1.0,1.0,501.1316046424551,10566.644902981747,10152.21027846263,0.07207792207792207,0.0
BertzCT,86.36363636363637,86.36363636363637,50,1.0,1.0,603.4805516636945,10566.644902981747,10024.204034842662,0.07700966395783,0.0
BertzCT,89.3939393939394,89.3939393939394,50,1.0,1.0,633.4156206541684,10566.644902981747,10044.485114335872,0.08163401306144208,0.0
BertzCT,92.42424242424244,92.42424242424244,50,1.0,1.0,519.4345613378383,10566.644902981747,10024.218319185366,0.07226792009400705,0.0
BertzCT,95.45454545454544,95.45454545454544,50,1.0,1.0,806.4371669619802,10566.644902981747,9955.522961542752,0.07152600170502985,0.0
BertzCT,98.48484848484847,98.48484848484847,50,1.0,1.0,849.1880548277538,10566.644902981747,9908.61061805241,0.06921161030750073,0.0
BertzCT,101.5151515151515,101.5151515151515,50,1.0,1.0,788.7726891398747,10566.644902981747,9841.87471819749,0.0766780989710926,0.0
BertzCT,104.54545454545453,104.54545454545453,50,1.0,1.0,1027.610492443937,10566.644902981747,9710.318667139938,0.06907395358924312,0.0
BertzCT,107.57575757575756,107.57575757575756,50,1.0,1.0,1036.0457272981682,10566.644902981747,9609.614385927005,0.06987032799389778,0.0
BertzCT,110.60606060606062,110.60606060606062,50,1.0,1.0,1752.405787377215,10566.644902981747,8792.813759233313,0.06920498084291188,0.0
BertzCT,113.63636363636363,113.63636363636363,50,1.0,1.0,2538.8850522921157,10566.644902981747,7975.715948347668,0.06628170139120015,0.0
BertzCT,116.66666666666669,116.66666666666669,50,1.0,1.0,3064.1301644468012,10566.644902981747,7441.1070074374575,0.06227781009630922,0.0
BertzCT,119.69696969696969,119.69696969696969,50,1.0,1.0,1827.088056431579,10566.644902981747,8915.927053490415,0.0664635223458753,0.0
BertzCT,122.72727272727275,122.72727272727275,50,1.0,1.0,1997.5348139725777,10566.644902981747,8368.698639753438,0.0582579185520362,0.0
BertzCT,125.75757575757575,125.75757575757575,50,1.0,1.0,2806.5527043133015,10566.644902981747,7671.997769102123,0.058823529411764705,0.0
BertzCT,128.7878787878788,128.7878787878788,50,1.0,1.0,3019.859771330486,10566.644902981747,7790.286705898045,0.05581516095534787,0.0
BertzCT,131.8181818181818,131.8181818181818,50,1.0,1.0,2207.5845044139405,10566.644902981747,8313.095874900133,0.05977815826695451,0.0
BertzCT,134.84848484848487,134.84848484848487,50,1.0,1.0,2914.5349736586977,10566.644902981747,7493.976227326273,0.05809228650137741,0.0
BertzCT,137.87878787878788,137.87878787878788,50,1.0,1.0,3846.885954243211,10566.644902981747,6742.854978503539,0.06112494811124948,0.0
BertzCT,140.90909090909088,140.90909090909088,50,1.0,1.0,3048.5152582183528,10566.644902981747,7234.313203018113,0.06015377657168702,0.0
BertzCT,143.93939393939394,143.93939393939394,50,1.0,1.0,3481.3120740806244,10566.644902981747,7036.155150986615,0.0602048322299553,0.0
BertzCT,146.96969696969694,146.96969696969694,50,1.0,1.0,3119.7761967808838,10566.644902981747,7396.241043458358,0.05839727195225916,0.0
BertzCT,150.0,150.0,50,1.0,1.0,3706.89715246424,10566.644902981747,6808.8539313014,0.06127648163046393,0.0
FractionCSP3,-150.0,150.0,50,1.0,1.0,0.27420824789245835,0.2857142857142857,0.0,0.045047329276538206,0.014835164835164751
FractionCSP3,-146.96969696969697,146.96969696969697,50,1.0,1.0,0.24038461538461536,0.2857142857142857,0.0,0.04951000408329931,0.0161332292479833
FractionCSP3,-143.93939393939394,143.93939393939394,50,1.0,1.0,0.24038461538461536,0.2857142857142857,0.049043062200956944,0.05084745762711865,0.0134234234234234
FractionCSP3,-140.9090909090909,140.9090909090909,50,1.0,1.0,0.23982905982905978,0.2857142857142857,0.05882352941176472,0.05093393289519198,0.0118380498739142
FractionCSP3,-137.87878787878788,137.87878787878788,50,1.0,1.0,0.2517482517482517,0.2857142857142857,0.06458333333333333,0.04941284123837121,0.012143067412422649
FractionCSP3,-134.84848484848484,134.84848484848484,50,1.0,1.0,0.24395604395604392,0.2857142857142857,0.06066176470588236,0.050957481337228175,0.0124458874458874
FractionCSP3,-131.8181818181818,131.8181818181818,50,1.0,1.0,0.21428571428571425,0.2857142857142857,0.0625,0.05064102564102564,0.011437908496732
FractionCSP3,-128.78787878787878,128.78787878787878,50,1.0,1.0,0.21825396825396826,0.2857142857142857,0.06904761904761904,0.05805527468823728,0.011116600790513801
FractionCSP3,-125.75757575757575,125.75757575757575,50,1.0,1.0,0.22444444444444445,0.2857142857142857,0.07179487179487179,0.0514142215173143,0.0116963064295485
FractionCSP3,-122.72727272727272,122.72727272727272,50,1.0,1.0,0.1972569366117753,0.2857142857142857,0.07846153846153847,0.05265491630639618,0.011705914567360299
FractionCSP3,-119.69696969696969,119.69696969696969,50,1.0,1.0,0.19028520499108734,0.2857142857142857,0.08166666666666667,0.05868847754340652,0.01094497607655495
FractionCSP3,-116.66666666666666,116.66666666666666,50,1.0,1.0,0.1857142857142857,0.2857142857142857,0.08514492753623187,0.05454545454545454,0.010582306830906999
FractionCSP3,-113.63636363636364,113.63636363636364,50,1.0,1.0,0.2054334554334554,0.2857142857142857,0.09090909090909091,0.05839727195225916,0.0109903381642512
FractionCSP3,-110.60606060606061,110.60606060606061,50,1.0,1.0,0.19352869352869354,0.2857142857142857,0.09307359307359307,0.060943112038002546,0.011308458982877499
FractionCSP3,-107.57575757575758,107.57575757575758,50,1.0,1.0,0.2,0.2857142857142857,0.10172413793103449,0.058396649133060585,0.0123456790123456
FractionCSP3,-104.54545454545455,104.54545454545455,50,1.0,1.0,0.2071428571428571,0.2857142857142857,0.0889328063241107,0.058823529411764705,0.0123456790123456
FractionCSP3,-101.51515151515152,101.51515151515152,50,1.0,1.0,0.22063492063492063,0.2857142857142857,0.08893280632411067,0.0553551912568306,0.01136510396487145
FractionCSP3,-98.48484848484848,98.48484848484848,50,1.0,1.0,0.20384615384615384,0.2857142857142857,0.09307359307359307,0.06116452991452992,0.00568181818181815
FractionCSP3,-95.45454545454545,95.45454545454545,50,1.0,1.0,0.197480881691408,0.2857142857142857,0.10526315789473684,0.06889830508474576,0.01142894461859975
FractionCSP3,-92.42424242424242,92.42424242424242,50,1.0,1.0,0.21169515669515668,0.2857142857142857,0.11145510835913311,0.0663003663003663,0.00568181818181815
FractionCSP3,-89.39393939393939,89.39393939393939,50,1.0,1.0,0.17541478129713423,0.2857142857142857,0.1,0.06311047889995258,0.0
FractionCSP3,-86.36363636363637,86.36363636363637,50,1.0,1.0,0.17290209790209787,0.2857142857142857,0.11437908496732029,0.06451612903225806,0.0
FractionCSP3,-83.33333333333333,83.33333333333333,50,1.0,1.0,0.17634615384615385,0.2857142857142857,0.11324786324786325,0.06667852062588905,0.0
FractionCSP3,-80.3030303030303,80.3030303030303,50,1.0,1.0,0.18114774114774115,0.2857142857142857,0.10526315789473684,0.06944444444444445,0.0
FractionCSP3,-77.27272727272728,77.27272727272728,50,1.0,1.0,0.18963675213675216,0.2857142857142857,0.12132352941176472,0.07362240289069558,0.0
FractionCSP3,-74.24242424242425,74.24242424242425,50,1.0,1.0,0.17719780219780218,0.2857142857142857,0.11651583710407239,0.08554006968641115,0.0
FractionCSP3,-71.21212121212122,71.21212121212122,50,1.0,1.0,0.20343137254901955,0.2857142857142857,0.10025062656641603,0.07929669306008383,0.0
FractionCSP3,-68.18181818181819,68.18181818181819,50,1.0,1.0,0.1920995670995671,0.2857142857142857,0.11929824561403507,0.08695855115758028,0.0
FractionCSP3,-65.15151515151516,65.15151515151516,50,1.0,1.0,0.17131410256410254,0.2857142857142857,0.12771739130434784,0.09359605911330049,0.0
FractionCSP3,-62.121212121212125,62.121212121212125,50,1.0,1.0,0.17131410256410254,0.2857142857142857,0.125,0.09555223632893536,0.0
FractionCSP3,-59.09090909090909,59.09090909090909,50,1.0,1.0,0.12959299959299955,0.2857142857142857,0.12771739130434784,0.10113796189745557,0.0
FractionCSP3,-56.06060606060606,56.06060606060606,50,1.0,1.0,0.15952380952380948,0.2857142857142857,0.11555555555555555,0.1,0.0
FractionCSP3,-53.03030303030303,53.03030303030303,50,1.0,1.0,0.15238095238095237,0.2857142857142857,0.13333333333333333,0.10258838383838384,0.0
FractionCSP3,-50.0,50.0,50,1.0,1.0,0.12976190476190474,0.2857142857142857,0.133399209486166,0.11278964107223989,0.0
FractionCSP3,-46.96969696969697,46.96969696969697,50,1.0,1.0,0.12000442086648982,0.2857142857142857,0.1633333333333333,0.11378020713463752,0.0
FractionCSP3,-43.93939393939394,43.93939393939394,50,1.0,1.0,0.09908963585434172,0.2857142857142857,0.18614718614718614,0.12097560975609756,0.0
FractionCSP3,-40.90909090909091,40.90909090909091,50,1.0,1.0,0.06994047619047619,0.2857142857142857,0.18181818181818182,0.13434486419534636,0.0
FractionCSP3,-37.878787878787875,37.878787878787875,50,1.0,1.0,0.07620200576856923,0.2857142857142857,0.19230769230769232,0.13805693069306932,0.0
FractionCSP3,-34.848484848484844,34.848484848484844,50,1.0,1.0,0.0797658862876254,0.2857142857142857,0.20526315789473684,0.1675438596491228,0.0
FractionCSP3,-31.818181818181813,31.818181818181813,50,1.0,1.0,0.0840393905611297,0.2857142857142857,0.21980676328502413,0.23759143155694878,0.0
FractionCSP3,-28.787878787878782,28.787878787878782,50,1.0,1.0,0.025324675324675278,0.2857142857142857,0.2403846153846154,0.3187307601231352,0.0057471264367816
FractionCSP3,-25.757575757575765,25.757575757575765,50,1.0,1.0,0.004901960784313722,0.2819829424307036,0.23076923076923078,0.47754010695187166,0.0157490079365079
FractionCSP3,-22.727272727272734,22.727272727272734,50,1.0,1.0,-0.0,0.2727272727272727,0.2702097902097902,1.0,0.0344827586206896
FractionCSP3,-19.69696969696969,19.69696969696969,50,1.0,1.0,-0.0,0.2502747252747253,0.2475490196078431,1.0,0.0386482449589245
FractionCSP3,-16.666666666666657,16.666666666666657,50,1.0,1.0,-0.0,0.21587301587301586,0.21587301587301586,1.0,0.0547452547452547
FractionCSP3,-13.636363636363626,13.636363636363626,50,1.0,1.0,-0.0,0.21032763532763532,0.21421404682274245,1.0,0.055064410204597056
FractionCSP3,-10.606060606060595,10.606060606060595,50,1.0,1.0,-0.0,0.1671030731133032,0.16710307311330325,1.0,0.07088534940450565
FractionCSP3,-7.575757575757564,7.575757575757564,50,1.0,1.0,-0.0,0.14112554112554104,0.14112554112554104,1.0,0.09581181870338495
FractionCSP3,-4.545454545454561,4.545454545454561,50,1.0,1.0,-0.0,0.0944444444444444,0.0944444444444444,1.0,0.16635944700460825
FractionCSP3,-1.5151515151515298,1.5151515151515298,50,1.0,1.0,-0.0,-0.0,0.0,1.0,1.0
FractionCSP3,1.5151515151515014,1.5151515151515014,50,1.0,1.0,0.0,0.0,0.0,1.0,1.0
FractionCSP3,4.5454545454545325,4.5454545454545325,50,1.0,1.0,0.0,0.29667795972143796,0.2891022021456804,1.0,0.16035530621785876
FractionCSP3,7.575757575757564,7.575757575757564,50,1.0,1.0,0.0,0.4922360248447205,0.4833333333333333,1.0,0.1041666666666666
FractionCSP3,10.606060606060595,10.606060606060595,50,1.0,1.0,0.0,0.6083574320416426,0.6083574320416426,1.0,0.08166666666666665
FractionCSP3,13.636363636363626,13.636363636363626,50,1.0,1.0,0.0,0.6085534417792482,0.5915652447910512,1.0,0.06076923076923075
FractionCSP3,16.666666666666657,16.666666666666657,50,1.0,1.0,2.7755575615628914e-17,0.6511965811965812,0.6230532212885154,1.0,0.0457157784743991
FractionCSP3,19.69696969696969,19.69696969696969,50,1.0,1.0,5.551115123125783e-17,0.7142857142857143,0.6861538461538461,1.0,0.03509852216748765
FractionCSP3,22.72727272727272,22.72727272727272,50,1.0,1.0,0.039230769230769263,0.7142857142857143,0.6583333333333334,0.569220199244246,0.0325224748810153
FractionCSP3,25.75757575757575,25.75757575757575,50,1.0,1.0,0.07846153846153847,0.7142857142857143,0.5741176470588236,0.3333333333333333,0.0325224748810153
FractionCSP3,28.787878787878782,28.787878787878782,50,1.0,1.0,0.17783216783216788,0.7142857142857143,0.5,0.23430107526881722,0.0325224748810153
FractionCSP3,31.818181818181813,31.818181818181813,50,1.0,1.0,0.2576086956521739,0.7142857142857143,0.4083333333333333,0.17994310099573257,0.0325224748810153
FractionCSP3,34.848484848484844,34.848484848484844,50,1.0,1.0,0.30119047619047623,0.7142857142857143,0.38278388278388276,0.14854215918045705,0.0325224748810153
FractionCSP3,37.878787878787875,37.878787878787875,50,1.0,1.0,0.35,0.7142857142857143,0.3431372549019608,0.153125,0.0325224748810153
FractionCSP3,40.90909090909091,40.90909090909091,50,1.0,1.0,0.37957875457875456,0.7142857142857143,0.31006864988558347,0.14285714285714285,0.0325224748810153
FractionCSP3,43.93939393939394,43.93939393939394,50,1.0,1.0,0.4295634920634921,0.7142857142857143,0.2788888888888889,0.11436781609195402,0.0325224748810153
FractionCSP3,46.96969696969697,46.96969696969697,50,1.0,1.0,0.4289529914529915,0.7142857142857143,0.26491228070175443,0.1084967320261438,0.0325224748810153
FractionCSP3,50.0,50.0,50,1.0,1.0,0.45375457875457875,0.7142857142857143,0.20714285714285713,0.09846650524616626,0.0325224748810153
FractionCSP3,53.03030303030303,53.03030303030303,50,1.0,1.0,0.5024038461538461,0.7142857142857143,0.18898809523809523,0.1,0.0325224748810153
FractionCSP3,56.06060606060606,56.06060606060606,50,1.0,1.0,0.5264568764568764,0.7142857142857143,0.16666666666666663,0.0949874686716792,0.0325224748810153
FractionCSP3,59.09090909090909,59.09090909090909,50,1.0,1.0,0.5782608695652174,0.7142857142857143,0.13961038961038963,0.09359605911330049,0.0325224748810153
FractionCSP3,62.121212121212125,62.121212121212125,50,1.0,1.0,0.5839727195225917,0.7142857142857143,0.08928571428571426,0.08333333333333333,0.0325224748810153
FractionCSP3,65.15151515151516,65.15151515151516,50,1.0,1.0,0.5864812271062272,0.7142857142857143,0.09761904761904755,0.08022988505747126,0.0325224748810153
FractionCSP3,68.18181818181819,68.18181818181819,50,1.0,1.0,0.6069002006933042,0.7142857142857143,0.07793522267206475,0.07835566659096072,0.0325224748810153
FractionCSP3,71.21212121212122,71.21212121212122,50,1.0,1.0,0.6215201465201465,0.7142857142857143,0.08333333333333337,0.07878411910669975,0.0325224748810153
FractionCSP3,74.24242424242425,74.24242424242425,50,1.0,1.0,0.6284325889164599,0.7142857142857143,0.0526315789473685,0.06937568756875688,0.0325224748810153
FractionCSP3,77.27272727272728,77.27272727272728,50,1.0,1.0,0.637948717948718,0.7142857142857143,0.0526315789473685,0.06879648411088574,0.0325224748810153
FractionCSP3,80.30303030303031,80.30303030303031,50,1.0,1.0,0.6848739495798319,0.7142857142857143,0.05012531328320807,0.07504928189242466,0.0325224748810153
FractionCSP3,83.33333333333334,83.33333333333334,50,1.0,1.0,0.6573015873015873,0.7142857142857143,0.041739130434782584,0.06716791979949874,0.0325224748810153
FractionCSP3,86.36363636363637,86.36363636363637,50,1.0,1.0,0.6715261862320686,0.7142857142857143,0.03637566137566134,0.06666666666666667,0.0325224748810153
FractionCSP3,89.3939393939394,89.3939393939394,50,1.0,1.0,0.6772030651340997,0.7142857142857143,0.03448275862068961,0.06299603174603174,0.0325224748810153
FractionCSP3,92.42424242424244,92.42424242424244,50,1.0,1.0,0.6823734236777715,0.7142857142857143,0.033333333333333326,0.06774475524475523,0.0325224748810153
FractionCSP3,95.45454545454544,95.45454545454544,50,1.0,1.0,0.6573015873015873,0.7142857142857143,0.030017921146953397,0.06539558089807555,0.0325224748810153
FractionCSP3,98.48484848484847,98.48484848484847,50,1.0,1.0,0.6832792207792209,0.7142857142857143,0.033333333333333326,0.06447368421052632,0.0325224748810153
FractionCSP3,101.5151515151515,101.5151515151515,50,1.0,1.0,0.6832792207792209,0.7142857142857143,0.032795698924731165,0.06060828680575962,0.0325224748810153
FractionCSP3,104.54545454545453,104.54545454545453,50,1.0,1.0,0.6721153846153847,0.7142857142857143,0.030776515151515138,0.05843860248093775,0.0325224748810153
FractionCSP3,107.57575757575756,107.57575757575756,50,1.0,1.0,0.6568627450980392,0.7142857142857143,0.035897435897435936,0.062198649951783994,0.0325224748810153
FractionCSP3,110.60606060606062,110.60606060606062,50,1.0,1.0,0.6568627450980392,0.7142857142857143,0.0318181818181818,0.054804804804804805,0.0325224748810153
FractionCSP3,113.63636363636363,113.63636363636363,50,1.0,1.0,0.6705128205128206,0.7142857142857143,0.028991596638655526,0.059190249369571304,0.0325224748810153
FractionCSP3,116.66666666666669,116.66666666666669,50,1.0,1.0,0.6708333333333334,0.7142857142857143,0.02638888888888885,0.05613048368953881,0.0325224748810153
FractionCSP3,119.69696969696969,119.69696969696969,50,1.0,1.0,0.6483410138248848,0.7142857142857143,0.02867420349434739,0.05918367346938776,0.0325224748810153
FractionCSP3,122.72727272727275,122.72727272727275,50,1.0,1.0,0.6443140193140193,0.7142857142857143,0.029966329966329974,0.049281521959117586,0.0325224748810153
FractionCSP3,125.75757575757575,125.75757575757575,50,1.0,1.0,0.6454401454401455,0.7142857142857143,0.04081632653061229,0.052289815447710185,0.0325224748810153
FractionCSP3,128.7878787878788,128.7878787878788,50,1.0,1.0,0.641969696969697,0.7142857142857143,0.026334026334026317,0.050031269543464665,0.0325224748810153
FractionCSP3,131.8181818181818,131.8181818181818,50,1.0,1.0,0.641969696969697,0.7142857142857143,0.014653784219001653,0.056933744221879815,0.0325224748810153
FractionCSP3,134.84848484848487,134.84848484848487,50,1.0,1.0,0.6486013986013986,0.7142857142857143,0.013379273313048168,0.052289815447710185,0.0325224748810153
FractionCSP3,137.87878787878788,137.87878787878788,50,1.0,1.0,0.6769904914652308,0.7142857142857143,0.013699272812573299,0.05321557971014493,0.0325224748810153
FractionCSP3,140.90909090909088,140.90909090909088,50,1.0,1.0,0.6791424093148231,0.7142857142857143,0.0,0.042403356308061135,0.0325224748810153
FractionCSP3,143.93939393939394,143.93939393939394,50,1.0,1.0,0.6961538461538461,0.7142857142857143,0.0,0.04365079365079365,0.0325224748810153
FractionCSP3,146.96969696969694,146.96969696969694,50,1.0,1.0,0.6961538461538461,0.7142857142857143,0.0,0.04196009389671361,0.0325224748810153
FractionCSP3,150.0,150.0,50,1.0,1.0,0.7105052481764811,0.7142857142857143,0.0,0.04411764705882353,0.0325224748810153
HBA,-150.0,150.0,50,1.0,1.0,4.0,4.0,0.0,0.02128623188405797,0.0325224748810153
HBA,-146.96969696969697,146.96969696969697,50,1.0,1.0,4.0,4.0,0.0,0.02128623188405797,0.0325224748810153
HBA,-143.93939393939394,143.93939393939394,50,1.0,1.0,4.0,4.0,0.0,0.021980676328502417,0.0325224748810153
HBA,-140.9090909090909,140.9090909090909,50,0.98,1.0,4.0,4.0,0.0,0.023809523809523808,0.0325224748810153
HBA,-137.87878787878788,137.87878787878788,50,0.98,1.0,4.0,4.0,0.0,0.023809523809523808,0.0325224748810153
HBA,-134.84848484848484,134.84848484848484,50,1.0,1.0,4.0,4.0,0.0,0.023268398268398268,0.0325224748810153
HBA,-131.8181818181818,131.8181818181818,50,1.0,1.0,4.0,4.0,0.0,0.025657894736842105,0.0325224748810153
HBA,-128.78787878787878,128.78787878787878,50,1.0,1.0,4.0,4.0,0.0,0.02667140825035562,0.0325224748810153
HBA,-125.75757575757575,125.75757575757575,50,1.0,1.0,4.0,4.0,0.0,0.02667140825035562,0.0325224748810153
HBA,-122.72727272727272,122.72727272727272,50,1.0,1.0,4.0,4.0,0.0,0.03603896103896104,0.0325224748810153
HBA,-119.69696969696969,119.69696969696969,50,1.0,1.0,4.0,4.0,0.0,0.02667140825035562,0.0325224748810153
HBA,-116.66666666666666,116.66666666666666,50,1.0,1.0,4.0,4.0,0.0,0.03704974271012007,0.0325224748810153
HBA,-113.63636363636364,113.63636363636364,50,1.0,1.0,4.0,4.0,0.0,0.038098693759071114,0.0325224748810153
HBA,-110.60606060606061,110.60606060606061,50,1.0,1.0,4.0,4.0,0.0,0.04195804195804196,0.0325224748810153
HBA,-107.57575757575758,107.57575757575758,50,1.0,1.0,4.0,4.0,0.0,0.045233835931510355,0.0325224748810153
HBA,-104.54545454545455,104.54545454545455,50,1.0,1.0,4.0,4.0,0.0,0.045233835931510355,0.0325224748810153
HBA,-101.51515151515152,101.51515151515152,50,1.0,1.0,4.0,4.0,0.0,0.0476460578559274,0.0325224748810153
HBA,-98.48484848484848,98.48484848484848,50,1.0,1.0,4.0,4.0,0.0,0.05084745762711865,0.0325224748810153
HBA,-95.45454545454545,95.45454545454545,50,1.0,1.0,4.0,4.0,0.0,0.054563492063492064,0.0325224748810153
HBA,-92.42424242424242,92.42424242424242,50,1.0,1.0,4.0,4.0,0.0,0.05358851674641148,0.0325224748810153
HBA,-89.39393939393939,89.39393939393939,50,1.0,1.0,4.0,4.0,0.0,0.06173780487804878,0.0325224748810153
HBA,-86.36363636363637,86.36363636363637,50,1.0,1.0,4.0,4.0,0.0,0.06299603174603174,0.0325224748810153
HBA,-83.33333333333333,83.33333333333333,50,1.0,1.0,4.0,4.0,0.0,0.059754738015607586,0.0325224748810153
HBA,-80.3030303030303,80.3030303030303,50,1.0,1.0,4.0,4.0,0.0,0.06061997703788749,0.0325224748810153
HBA,-77.27272727272728,77.27272727272728,50,1.0,1.0,4.0,4.0,0.0,0.0639036341363822,0.0325224748810153
HBA,-74.24242424242425,74.24242424242425,50,1.0,1.0,4.0,4.0,0.0,0.06356046323727443,0.0325224748810153
HBA,-71.21212121212122,71.21212121212122,50,1.0,1.0,3.5,4.0,0.0,0.07009498853586636,0.0325224748810153
HBA,-68.18181818181819,68.18181818181819,50,1.0,1.0,3.0,4.0,0.0,0.07269021739130435,0.0325224748810153
HBA,-65.15151515151516,65.15151515151516,50,1.0,1.0,3.0,4.0,0.0,0.07692307692307693,0.0325224748810153
HBA,-62.121212121212125,62.121212121212125,50,1.0,1.0,3.0,4.0,0.0,0.07742257742257742,0.0325224748810153
HBA,-59.09090909090909,59.09090909090909,50,1.0,1.0,3.0,4.0,0.0,0.08031326781326781,0.03398617511520735
HBA,-56.06060606060606,56.06060606060606,50,1.0,1.0,3.0,4.0,1.0,0.08695987654320987,0.0325224748810153
HBA,-53.03030303030303,53.03030303030303,50,1.0,1.0,3.0,4.0,1.0,0.10063291139240507,0.0363636363636363
HBA,-50.0,50.0,50,1.0,1.0,3.0,4.0,1.0,0.10787898936170212,0.032258064516129
HBA,-46.96969696969697,46.96969696969697,50,1.0,1.0,3.0,4.0,1.0,0.10724554341575618,0.03149801587301585
HBA,-43.93939393939394,43.93939393939394,50,1.0,1.0,2.0,4.0,1.5,0.1111111111111111,0.0306217858812529
HBA,-40.90909090909091,40.90909090909091,50,1.0,1.0,2.0,4.0,2.0,0.14247311827956988,0.0301587301587301
HBA,-37.878787878787875,37.878787878787875,50,1.0,1.0,2.0,4.0,2.0,0.16954022988505746,0.02923602219376865
HBA,-34.848484848484844,34.848484848484844,50,1.0,1.0,1.0,4.0,2.0,0.22517605633802817,0.02478580171358625
HBA,-31.818181818181813,31.818181818181813,50,1.0,1.0,1.0,4.0,3.0,0.31333333333333335,0.024448419797256947
HBA,-28.787878787878782,28.787878787878782,50,1.0,1.0,1.0,4.0,3.0,0.3944188722669736,0.0247252747252747
HBA,-25.757575757575765,25.757575757575765,50,1.0,1.0,-0.0,4.0,3.0,0.5151515151515151,0.031024531024531003
HBA,-22.727272727272734,22.727272727272734,50,1.0,0.98,-0.0,4.0,3.0,1.0,0.037037037037037
HBA,-19.69696969696969,19.69696969696969,50,1.0,0.96,-0.0,4.0,4.0,1.0,0.0325224748810153
HBA,-16.666666666666657,16.666666666666657,50,1.0,0.94,-0.0,4.0,4.0,1.0,0.0416666666666666
HBA,-13.636363636363626,13.636363636363626,50,1.0,0.94,-0.0,4.0,4.0,1.0,0.0612244897959183
HBA,-10.606060606060595,10.606060606060595,50,1.0,1.0,-0.0,4.0,4.0,1.0,0.06723163841807905
HBA,-7.575757575757564,7.575757575757564,50,1.0,1.0,-0.0,3.0,3.0,1.0,0.1094017094017094
HBA,-4.545454545454561,4.545454545454561,50,1.0,1.0,-0.0,2.0,2.0,1.0,0.21333838575217878
HBA,-1.5151515151515298,1.5151515151515298,50,1.0,1.0,-0.0,-0.0,0.0,1.0,1.0
HBA,1.5151515151515014,1.5151515151515014,50,1.0,1.0,0.0,0.0,0.0,1.0,1.0
HBA,4.5454545454545325,4.5454545454545325,50,1.0,1.0,0.0,4.0,4.0,1.0,0.1658576051779935
HBA,7.575757575757564,7.575757575757564,50,1.0,1.0,0.0,6.0,6.0,1.0,0.10817445380901725
HBA,10.606060606060595,10.606060606060595,50,1.0,1.0,0.0,10.0,10.0,1.0,0.0840336134453781
HBA,13.636363636363626,13.636363636363626,50,1.0,1.0,0.0,13.0,13.0,1.0,0.0777777777777777
HBA,16.666666666666657,16.666666666666657,50,1.0,1.0,0.0,15.5,14.5,1.0,0.06511768778123915
HBA,19.69696969696969,19.69696969696969,50,1.0,1.0,1.0,22.0,21.5,0.6397849462365591,0.0563492063492063
HBA,22.72727272727272,22.72727272727272,50,1.0,1.0,1.0,21.0,20.0,0.5465350523771153,0.04809470958194595
HBA,25.75757575757575,25.75757575757575,50,1.0,1.0,2.0,26.5,25.0,0.4275210084033613,0.043167701863354
HBA,28.787878787878782,28.787878787878782,50,1.0,1.0,2.0,36.0,34.0,0.38054298642533935,0.0401612903225806
HBA,31.818181818181813,31.818181818181813,50,1.0,1.0,2.0,119.5,116.5,0.25543215837759536,0.034090909090909
HBA,34.848484848484844,34.848484848484844,50,1.0,1.0,3.0,136.5,132.5,0.23074229691876752,0.027027027027027
HBA,37.878787878787875,37.878787878787875,50,1.0,1.0,3.5,146.0,142.5,0.20830969937606353,0.028577260665441903
HBA,40.90909090909091,40.90909090909091,50,1.0,1.0,4.0,149.0,145.0,0.16614635364635366,0.028219395866454652
HBA,43.93939393939394,43.93939393939394,50,1.0,1.0,4.0,150.0,146.0,0.1617104183757178,0.0303030303030303
HBA,46.96969696969697,46.96969696969697,50,1.0,1.0,4.0,150.0,146.0,0.13533719865730853,0.0298507462686567
HBA,50.0,50.0,50,1.0,1.0,6.0,150.0,145.0,0.1174731182795699,0.0303030303030303
HBA,53.03030303030303,53.03030303030303,50,1.0,1.0,6.0,150.0,144.0,0.114937106918239,0.0294372294372294
HBA,56.06060606060606,56.06060606060606,50,1.0,1.0,6.0,150.0,144.0,0.115114411882778,0.0298573975044563
HBA,59.09090909090909,59.09090909090909,50,1.0,1.0,7.0,150.0,143.0,0.11237244897959184,0.027027027027027
HBA,62.121212121212125,62.121212121212125,50,1.0,1.0,8.0,150.0,142.5,0.10373025652514842,0.0263340263340263
HBA,65.15151515151516,65.15151515151516,50,1.0,1.0,7.5,150.0,143.0,0.10417797069994574,0.02200193423597675
HBA,68.18181818181819,68.18181818181819,50,1.0,1.0,7.0,150.0,143.0,0.09825934323118554,0.02084237950499345
HBA,71.21212121212122,71.21212121212122,50,1.0,1.0,7.5,150.0,142.0,0.09812311582223086,0.02020408163265305
HBA,74.24242424242425,74.24242424242425,50,1.0,1.0,9.0,150.0,141.0,0.08803271631510977,0.019803921568627453
HBA,77.27272727272728,77.27272727272728,50,1.0,1.0,9.0,150.0,140.0,0.07898841354723707,0.019803921568627453
HBA,80.30303030303031,80.30303030303031,50,1.0,1.0,9.5,150.0,141.0,0.0749198717948718,0.0196078431372549
HBA,83.33333333333334,83.33333333333334,50,1.0,1.0,9.0,150.0,141.0,0.07901352288488211,0.01801948051948045
HBA,86.36363636363637,86.36363636363637,50,1.0,1.0,9.5,150.0,141.0,0.0784928492849285,0.0178571428571428
HBA,89.3939393939394,89.3939393939394,50,1.0,1.0,10.0,150.0,140.0,0.07961972667855022,0.0177005012531328
HBA,92.42424242424244,92.42424242424244,50,1.0,1.0,11.0,150.0,140.0,0.07937668766876688,0.0173926194797338
HBA,95.45454545454544,95.45454545454544,50,1.0,1.0,9.0,150.0,140.5,0.07789745145631068,0.0173926194797338
HBA,98.48484848484847,98.48484848484847,50,1.0,1.0,11.0,150.0,139.0,0.07407614781634939,0.0172465060957478
HBA,101.5151515151515,101.5151515151515,50,1.0,1.0,11.0,150.0,138.5,0.07591036414565827,0.0172465060957478
HBA,104.54545454545453,104.54545454545453,50,1.0,1.0,12.0,150.0,137.0,0.07295468369829683,0.0172413793103448
HBA,107.57575757575756,107.57575757575756,50,1.0,1.0,11.0,150.0,138.0,0.07179663345929234,0.0173926194797338
HBA,110.60606060606062,110.60606060606062,50,1.0,1.0,14.0,150.0,136.0,0.07142857142857142,0.0173926194797338
HBA,113.63636363636363,113.63636363636363,50,1.0,1.0,13.0,150.0,137.0,0.06685288640595903,0.0171052631578947
HBA,116.66666666666669,116.66666666666669,50,1.0,1.0,15.0,150.0,135.0,0.0645169578622816,0.0171052631578947
HBA,119.69696969696969,119.69696969696969,50,1.0,1.0,15.0,150.0,135.0,0.06374603174603174,0.0171052631578947
HBA,122.72727272727275,122.72727272727275,50,1.0,1.0,12.5,150.0,137.5,0.06477838971938107,0.0171052631578947
HBA,125.75757575757575,125.75757575757575,50,1.0,1.0,16.0,150.0,133.0,0.06716791979949874,0.0171052631578947
HBA,128.7878787878788,128.7878787878788,50,1.0,1.0,15.5,150.0,135.0,0.057256554307116105,0.016397849462365548
HBA,131.8181818181818,131.8181818181818,50,1.0,1.0,13.0,150.0,135.0,0.0603030303030303,0.016397849462365548
HBA,134.84848484848487,134.84848484848487,50,1.0,1.0,15.0,150.0,134.5,0.06073781291172596,0.016397849462365548
HBA,137.87878787878788,137.87878787878788,50,1.0,1.0,17.0,150.0,133.0,0.059500110595001106,0.016397849462365548
HBA,140.90909090909088,140.90909090909088,50,1.0,1.0,16.0,150.0,134.5,0.06194859992328347,0.016397849462365548
HBA,143.93939393939394,143.93939393939394,50,1.0,1.0,20.5,150.0,129.5,0.05201569264069264,0.016397849462365548
HBA,146.96969696969694,146.96969696969694,50,1.0,1.0,20.0,150.0,130.0,0.061004784688995214,0.016397849462365548
HBA,150.0,150.0,50,1.0,1.0,19.5,150.0,130.0,0.0551302977430067,0.016397849462365548
HeavyAtomCount,-150.0,150.0,50,0.82,0.0,23.0,,,0.0,
HeavyAtomCount,-146.96969696969697,146.96969696969697,50,0.82,0.0,23.0,,,0.0,
HeavyAtomCount,-143.93939393939394,143.93939393939394,50,0.82,0.0,23.0,,,0.0,
HeavyAtomCount,-140.9090909090909,140.9090909090909,50,0.84,0.0,23.0,,,0.0,
HeavyAtomCount,-137.87878787878788,137.87878787878788,50,0.84,0.0,23.0,,,0.0,
HeavyAtomCount,-134.84848484848484,134.84848484848484,50,0.84,0.0,23.0,,,0.0,
HeavyAtomCount,-131.8181818181818,131.8181818181818,50,0.84,0.0,23.0,,,0.0,
HeavyAtomCount,-128.78787878787878,128.78787878787878,50,0.84,0.0,23.0,,,0.0,
HeavyAtomCount,-125.75757575757575,125.75757575757575,50,0.86,0.0,23.0,,,0.0,
HeavyAtomCount,-122.72727272727272,122.72727272727272,50,0.86,0.0,23.0,,,0.0,
HeavyAtomCount,-119.69696969696969,119.69696969696969,50,0.86,0.0,23.0,,,0.0,
HeavyAtomCount,-116.66666666666666,116.66666666666666,50,0.86,0.0,23.0,,,0.014705882352941176,
HeavyAtomCount,-113.63636363636364,113.63636363636364,50,0.86,0.0,23.0,,,0.01639344262295082,
HeavyAtomCount,-110.60606060606061,110.60606060606061,50,0.9,0.0,23.0,,,0.017543859649122806,
HeavyAtomCount,-107.57575757575758,107.57575757575758,50,0.9,0.0,23.0,,,0.018518518518518517,
HeavyAtomCount,-104.54545454545455,104.54545454545455,50,0.9,0.0,23.0,,,0.022222222222222223,
HeavyAtomCount,-101.51515151515152,101.51515151515152,50,0.9,0.0,22.0,,,0.023809523809523808,
HeavyAtomCount,-98.48484848484848,98.48484848484848,50,0.9,0.0,23.0,,,0.023809523809523808,
HeavyAtomCount,-95.45454545454545,95.45454545454545,50,0.92,0.0,22.5,,,0.02702702702702703,
HeavyAtomCount,-92.42424242424242,92.42424242424242,50,0.96,0.0,22.5,,,0.02758751902587519,
HeavyAtomCount,-89.39393939393939,89.39393939393939,50,0.96,0.0,22.0,,,0.027777777777777776,
HeavyAtomCount,-86.36363636363637,86.36363636363637,50,0.96,0.0,22.0,,,0.03125,
HeavyAtomCount,-83.33333333333333,83.33333333333333,50,0.96,0.0,22.0,,,0.034482758620689655,
HeavyAtomCount,-80.3030303030303,80.3030303030303,50,0.98,0.0,22.0,,,0.038461538461538464,
HeavyAtomCount,-77.27272727272728,77.27272727272728,50,0.98,0.0,22.0,,,0.0392156862745098,
HeavyAtomCount,-74.24242424242425,74.24242424242425,50,1.0,0.0,22.0,,,0.04103641456582633,
HeavyAtomCount,-71.21212121212122,71.21212121212122,50,1.0,0.0,21.0,,,0.05195681511470985,
HeavyAtomCount,-68.18181818181819,68.18181818181819,50,1.0,0.0,20.0,,,0.058914131690412014,
HeavyAtomCount,-65.15151515151516,65.15151515151516,50,1.0,0.0,19.0,,,0.06110004977600796,
HeavyAtomCount,-62.121212121212125,62.121212121212125,50,1.0,0.0,18.0,,,0.07062733693394266,
HeavyAtomCount,-59.09090909090909,59.09090909090909,50,1.0,0.0,18.0,,,0.07671568627450981,
HeavyAtomCount,-56.06060606060606,56.06060606060606,50,1.0,0.0,18.0,,,0.08318920788654444,
HeavyAtomCount,-53.03030303030303,53.03030303030303,50,1.0,0.0,16.0,,,0.09556425309849967,
HeavyAtomCount,-50.0,50.0,50,1.0,0.0,16.0,,,0.11583184257602863,
HeavyAtomCount,-46.96969696969697,46.96969696969697,50,1.0,0.0,15.0,,,0.11174636174636175,
HeavyAtomCount,-43.93939393939394,43.93939393939394,50,1.0,0.0,13.5,,,0.1407624633431085,
HeavyAtomCount,-40.90909090909091,40.90909090909091,50,1.0,0.0,12.5,,,0.1313632441760138,
HeavyAtomCount,-37.878787878787875,37.878787878787875,50,1.0,0.0,10.5,,,0.1449579831932773,
HeavyAtomCount,-34.848484848484844,34.848484848484844,50,1.0,0.0,10.0,,,0.16129032258064516,
HeavyAtomCount,-31.818181818181813,31.818181818181813,50,1.0,0.0,9.0,,,0.17916666666666664,
HeavyAtomCount,-28.787878787878782,28.787878787878782,50,1.0,0.0,8.0,,,0.19744964262508122,
HeavyAtomCount,-25.757575757575765,25.757575757575765,50,1.0,0.0,5.0,,,0.282055630936228,
HeavyAtomCount,-22.727272727272734,22.727272727272734,50,1.0,0.16,3.0,21.0,18.5,0.3675,0.0
HeavyAtomCount,-19.69696969696969,19.69696969696969,50,1.0,0.28,1.0,23.0,19.5,0.5055555555555555,0.0
HeavyAtomCount,-16.666666666666657,16.666666666666657,50,1.0,0.62,-0.0,24.0,22.0,0.6881720430107527,0.0
HeavyAtomCount,-13.636363636363626,13.636363636363626,50,1.0,0.88,-0.0,23.0,22.0,1.0,0.0
HeavyAtomCount,-10.606060606060595,10.606060606060595,50,1.0,0.98,-0.0,22.0,22.0,1.0,0.027027027027027
HeavyAtomCount,-7.575757575757564,7.575757575757564,50,1.0,1.0,-0.0,20.0,20.0,1.0,0.054617676266137
HeavyAtomCount,-4.545454545454561,4.545454545454561,50,1.0,1.0,-0.0,13.0,13.0,1.0,0.1257894736842105
HeavyAtomCount,-1.5151515151515298,1.5151515151515298,50,1.0,1.0,-0.0,-0.0,0.0,1.0,1.0
HeavyAtomCount,1.5151515151515014,1.5151515151515014,50,1.0,1.0,0.0,0.0,0.0,1.0,1.0
HeavyAtomCount,4.5454545454545325,4.5454545454545325,50,1.0,1.0,0.0,6.0,6.0,1.0,0.26136363636363635
HeavyAtomCount,7.575757575757564,7.575757575757564,50,1.0,1.0,0.0,9.5,9.5,1.0,0.1428571428571428
HeavyAtomCount,10.606060606060595,10.606060606060595,50,1.0,1.0,0.0,10.0,9.5,1.0,0.09736842105263155
HeavyAtomCount,13.636363636363626,13.636363636363626,50,1.0,1.0,0.0,15.0,9.5,1.0,0.07725464190981429
HeavyAtomCount,16.666666666666657,16.666666666666657,50,1.0,1.0,0.0,11.5,10.5,0.6274972253052165,0.06798921417565479
HeavyAtomCount,19.69696969696969,19.69696969696969,50,1.0,1.0,3.0,54.0,53.5,0.5172573904968272,0.05910606541759285
HeavyAtomCount,22.72727272727272,22.72727272727272,50,1.0,1.0,4.0,112.0,103.0,0.44341590612777054,0.0435980243161094
HeavyAtomCount,25.75757575757575,25.75757575757575,50,1.0,1.0,5.0,123.5,118.5,0.4480769230769231,0.04478609625668445
HeavyAtomCount,28.787878787878782,28.787878787878782,50,1.0,1.0,5.0,125.5,119.5,0.3843178621659634,0.0446022727272727
HeavyAtomCount,31.818181818181813,31.818181818181813,50,1.0,1.0,4.5,126.0,121.0,0.35669835782195336,0.04270949437632985
HeavyAtomCount,34.848484848484844,34.848484848484844,50,1.0,1.0,6.0,127.5,121.0,0.2597402597402597,0.04279176201372995
HeavyAtomCount,37.878787878787875,37.878787878787875,50,1.0,1.0,6.0,128.0,121.0,0.27073382544507163,0.043167701863354
HeavyAtomCount,40.90909090909091,40.90909090909091,50,1.0,1.0,7.0,129.0,121.5,0.22254725472547254,0.0416666666666666
HeavyAtomCount,43.93939393939394,43.93939393939394,50,1.0,1.0,7.5,129.0,120.0,0.17458538771851187,0.042957227138643
HeavyAtomCount,46.96969696969697,46.96969696969697,50,1.0,1.0,7.0,129.0,120.5,0.15914538391602612,0.04688644688644685
HeavyAtomCount,50.0,50.0,50,1.0,1.0,6.5,129.0,122.0,0.16333333333333333,0.0441520467836257
HeavyAtomCount,53.03030303030303,53.03030303030303,50,1.0,1.0,6.5,129.0,121.0,0.14619492656875832,0.0425724637681159
HeavyAtomCount,56.06060606060606,56.06060606060606,50,1.0,1.0,8.0,129.0,119.5,0.1497663551401869,0.040956108470785554
HeavyAtomCount,59.09090909090909,59.09090909090909,50,1.0,1.0,10.0,129.0,119.0,0.12251082251082251,0.046426005747126395
HeavyAtomCount,62.121212121212125,62.121212121212125,50,1.0,1.0,9.5,129.0,118.5,0.10762914093206064,0.0434782608695652
HeavyAtomCount,65.15151515151516,65.15151515151516,50,1.0,1.0,11.0,129.0,118.0,0.12149532710280374,0.0417391304347826
HeavyAtomCount,68.18181818181819,68.18181818181819,50,1.0,1.0,11.0,129.5,117.5,0.1077458843393837,0.039736842105263154
HeavyAtomCount,71.21212121212122,71.21212121212122,50,1.0,1.0,12.0,129.0,117.0,0.09569597069597069,0.040547945205479455
HeavyAtomCount,74.24242424242425,74.24242424242425,50,1.0,1.0,12.0,128.5,116.0,0.10346194503171248,0.04
HeavyAtomCount,77.27272727272728,77.27272727272728,50,1.0,1.0,13.5,128.5,116.5,0.10591491841491842,0.033342595165323646
HeavyAtomCount,80.30303030303031,80.30303030303031,50,1.0,1.0,13.0,128.5,116.0,0.09800664451827243,0.036038961038960995
HeavyAtomCount,83.33333333333334,83.33333333333334,50,1.0,1.0,14.0,128.5,117.0,0.09063954018793906,0.036038961038960995
HeavyAtomCount,86.36363636363637,86.36363636363637,50,1.0,1.0,18.0,128.5,116.0,0.10056599959571458,0.0325224748810153
HeavyAtomCount,89.3939393939394,89.3939393939394,50,1.0,1.0,16.5,129.0,115.5,0.08612637362637363,0.031024531024531003
HeavyAtomCount,92.42424242424244,92.42424242424244,50,1.0,1.0,16.0,129.0,116.0,0.07924641148325359,0.0303030303030303
HeavyAtomCount,95.45454545454544,95.45454545454544,50,1.0,1.0,21.0,129.0,114.5,0.07335565924142083,0.0303030303030303
HeavyAtomCount,98.48484848484847,98.48484848484847,50,1.0,1.0,21.0,129.0,113.0,0.07971433072520086,0.0298573975044563
HeavyAtomCount,101.5151515151515,101.5151515151515,50,1.0,1.0,24.0,129.0,104.5,0.08246087425796006,0.0298573975044563
HeavyAtomCount,104.54545454545453,104.54545454545453,50,1.0,1.0,23.0,129.0,113.0,0.07231435828477514,0.0294117647058823
HeavyAtomCount,107.57575757575756,107.57575757575756,50,1.0,1.0,26.0,129.0,79.5,0.07729648991784914,0.030076888285843498
HeavyAtomCount,110.60606060606062,110.60606060606062,50,1.0,1.0,49.5,129.0,71.0,0.08017468688200396,0.0303030303030303
HeavyAtomCount,113.63636363636363,113.63636363636363,50,1.0,1.0,60.5,129.0,69.0,0.0720954777949176,0.02838164251207725
HeavyAtomCount,116.66666666666669,116.66666666666669,50,1.0,1.0,59.5,129.0,70.0,0.06876847290640395,0.0290558604193049
HeavyAtomCount,119.69696969696969,119.69696969696969,50,1.0,1.0,68.5,129.0,55.5,0.07380174291938998,0.029198635976129553
HeavyAtomCount,122.72727272727275,122.72727272727275,50,1.0,1.0,76.5,129.0,49.5,0.06843008739076155,0.029198635976129553
HeavyAtomCount,125.75757575757575,125.75757575757575,50,1.0,1.0,71.0,129.0,56.0,0.0631516691492158,0.0294117647058823
HeavyAtomCount,128.7878787878788,128.7878787878788,50,1.0,1.0,79.0,129.0,49.0,0.06499615975422426,0.029198635976129553
HeavyAtomCount,131.8181818181818,131.8181818181818,50,1.0,1.0,79.5,129.0,48.0,0.05853136373367587,0.02877846790890265
HeavyAtomCount,134.84848484848487,134.84848484848487,50,1.0,1.0,79.5,129.0,48.5,0.06477838971938107,0.02877846790890265
HeavyAtomCount,137.87878787878788,137.87878787878788,50,1.0,1.0,82.0,129.0,50.0,0.06598590089156127,0.029198635976129553
HeavyAtomCount,140.90909090909088,140.90909090909088,50,1.0,1.0,76.5,129.0,53.0,0.06410519827409081,0.029198635976129553
HeavyAtomCount,143.93939393939394,143.93939393939394,50,1.0,1.0,80.5,129.0,47.0,0.06154210308302266,0.029198635976129553
HeavyAtomCount,146.96969696969694,146.96969696969694,50,1.0,1.0,84.5,129.5,44.5,0.05595031055900621,0.029198635976129553
HeavyAtomCount,150.0,150.0,50,1.0,1.0,81.0,129.5,47.5,0.06513077565709144,0.029198635976129553
TPSA,-150.0,150.0,50,1.0,1.0,57.785000000000004,57.785000000000004,0.0,0.04,0.0325224748810153
TPSA,-146.96969696969697,146.96969696969697,50,1.0,1.0,57.785000000000004,57.785000000000004,0.0,0.040547945205479455,0.0325224748810153
TPSA,-143.93939393939394,143.93939393939394,50,1.0,1.0,57.785000000000004,57.785000000000004,0.0,0.040547945205479455,0.0325224748810153
TPSA,-140.9090909090909,140.9090909090909,50,1.0,1.0,57.785000000000004,57.785000000000004,0.0,0.04197651663405088,0.0325224748810153
TPSA,-137.87878787878788,137.87878787878788,50,1.0,1.0,57.785000000000004,57.785000000000004,0.0,0.05,0.0325224748810153
TPSA,-134.84848484848484,134.84848484848484,50,1.0,1.0,57.785000000000004,57.785000000000004,0.0,0.05390874745713456,0.0325224748810153
TPSA,-131.8181818181818,131.8181818181818,50,1.0,1.0,57.785000000000004,57.785000000000004,0.0,0.05266805266805267,0.0325224748810153
TPSA,-128.78787878787878,128.78787878787878,50,1.0,1.0,57.785000000000004,57.785000000000004,0.0,0.054299754299754296,0.0325224748810153
TPSA,-125.75757575757575,125.75757575757575,50,1.0,1.0,57.785000000000004,57.785000000000004,0.0,0.054299754299754296,0.0325224748810153
TPSA,-122.72727272727272,122.72727272727272,50,1.0,1.0,57.785000000000004,57.785000000000004,0.0,0.054299754299754296,0.0325224748810153
TPSA,-119.69696969696969,119.69696969696969,50,1.0,1.0,57.785000000000004,57.785000000000004,0.0,0.054299754299754296,0.0325224748810153
TPSA,-116.66666666666666,116.66666666666666,50,1.0,1.0,57.785000000000004,57.785000000000004,0.0,0.06060606060606061,0.0325224748810153
TPSA,-113.63636363636364,113.63636363636364,50,1.0,1.0,55.580000000000005,57.785000000000004,0.0,0.06091527520098949,0.0325224748810153
TPSA,-110.60606060606061,110.60606060606061,50,1.0,1.0,55.580000000000005,57.785000000000004,0.0,0.06186224489795918,0.0325224748810153
TPSA,-107.57575757575758,107.57575757575758,50,1.0,1.0,55.580000000000005,57.785000000000004,0.0,0.05961265103056147,0.0325224748810153
TPSA,-104.54545454545455,104.54545454545455,50,1.0,1.0,55.580000000000005,57.785000000000004,0.0,0.06110004977600796,0.0325224748810153
TPSA,-101.51515151515152,101.51515151515152,50,1.0,1.0,55.580000000000005,57.785000000000004,0.0,0.06365740740740741,0.0325224748810153
TPSA,-98.48484848484848,98.48484848484848,50,1.0,1.0,55.580000000000005,57.785000000000004,0.0,0.06458333333333333,0.0325224748810153
TPSA,-95.45454545454545,95.45454545454545,50,1.0,1.0,55.580000000000005,57.785000000000004,0.0,0.05741758241758242,0.0325224748810153
TPSA,-92.42424242424242,92.42424242424242,50,1.0,1.0,55.580000000000005,57.785000000000004,0.0,0.06291172595520422,0.0325224748810153
TPSA,-89.39393939393939,89.39393939393939,50,1.0,1.0,55.580000000000005,57.785000000000004,0.0,0.06557572861920688,0.0325224748810153
TPSA,-86.36363636363637,86.36363636363637,50,1.0,1.0,55.580000000000005,57.785000000000004,0.0,0.06679304192685102,0.0325224748810153
TPSA,-83.33333333333333,83.33333333333333,50,1.0,1.0,54.0,57.785000000000004,0.0,0.06396617566830332,0.0325224748810153
TPSA,-80.3030303030303,80.3030303030303,50,1.0,1.0,54.0,57.785000000000004,0.0,0.06451881451881451,0.0325224748810153
TPSA,-77.27272727272728,77.27272727272728,50,1.0,1.0,52.745000000000005,57.785000000000004,0.0,0.06896551724137931,0.0325224748810153
TPSA,-74.24242424242425,74.24242424242425,50,1.0,1.0,52.745000000000005,57.785000000000004,0.0,0.06396617566830332,0.0325224748810153
TPSA,-71.21212121212122,71.21212121212122,50,1.0,1.0,48.405,57.785000000000004,0.0,0.07198275862068965,0.0325224748810153
TPSA,-68.18181818181819,68.18181818181819,50,1.0,1.0,46.57,57.785000000000004,0.0,0.08022988505747126,0.0325224748810153
TPSA,-65.15151515151516,65.15151515151516,50,1.0,1.0,46.220000000000006,57.785000000000004,9.229999999999997,0.07906250000000001,0.0325224748810153
TPSA,-62.121212121212125,62.121212121212125,50,1.0,1.0,45.44500000000001,57.785000000000004,9.230000000000002,0.09213085764809903,0.0325224748810153
TPSA,-59.09090909090909,59.09090909090909,50,1.0,1.0,42.585,57.785000000000004,9.230000000000004,0.09578092243186584,0.0325224748810153
TPSA,-56.06060606060606,56.06060606060606,50,1.0,1.0,42.415000000000006,57.785000000000004,12.030000000000001,0.09780009564801531,0.0325224748810153
TPSA,-53.03030303030303,53.03030303030303,50,1.0,1.0,35.839999999999996,57.785000000000004,17.07,0.10268275538894095,0.0325224748810153
TPSA,-50.0,50.0,50,1.0,1.0,32.980000000000004,57.785000000000004,20.785,0.12220149253731344,0.0325224748810153
TPSA,-46.96969696969697,46.96969696969697,50,1.0,1.0,26.300000000000004,57.785000000000004,28.615000000000002,0.14527930209652457,0.0325224748810153
TPSA,-43.93939393939394,43.93939393939394,50,1.0,1.0,25.615000000000002,57.785000000000004,29.46,0.17294159042927515,0.0325224748810153
TPSA,-40.90909090909091,40.90909090909091,50,1.0,1.0,23.08,57.785000000000004,32.480000000000004,0.21808943089430893,0.0325224748810153
TPSA,-37.878787878787875,37.878787878787875,50,1.0,1.0,16.895000000000003,57.785000000000004,35.53,0.23385416666666667,0.03128054740957965
TPSA,-34.848484848484844,34.848484848484844,50,1.0,1.0,12.889999999999997,57.785000000000004,40.129999999999995,0.2928571428571428,0.03128054740957965
TPSA,-31.818181818181813,31.818181818181813,50,1.0,1.0,1.8850000000000016,57.785000000000004,48.405,0.43736263736263736,0.030776515151515152
TPSA,-28.787878787878782,28.787878787878782,50,1.0,1.0,-0.0,57.785000000000004,52.34,0.5517503805175038,0.02991071428571425
TPSA,-25.757575757575765,25.757575757575765,50,1.0,1.0,-0.0,57.785000000000004,55.580000000000005,1.0,0.02837022132796775
TPSA,-22.727272727272734,22.727272727272734,50,1.0,1.0,-0.0,57.785000000000004,55.580000000000005,1.0,0.03041474654377875
TPSA,-19.69696969696969,19.69696969696969,50,1.0,1.0,-0.0,57.785000000000004,56.385000000000005,1.0,0.03390804597701145
TPSA,-16.666666666666657,16.666666666666657,50,1.0,1.0,-0.0,57.785000000000004,57.785000000000004,1.0,0.037037037037037
TPSA,-13.636363636363626,13.636363636363626,50,1.0,1.0,-0.0,57.785000000000004,57.785000000000004,1.0,0.0404081632653061
TPSA,-10.606060606060595,10.606060606060595,50,1.0,1.0,-0.0,57.160000000000004,57.160000000000004,1.0,0.0512820512820512
TPSA,-7.575757575757564,7.575757575757564,50,1.0,1.0,-0.0,46.53,46.53,1.0,0.0796030405405405
TPSA,-4.545454545454561,4.545454545454561,50,1.0,1.0,-0.0,21.300000000000004,21.300000000000004,1.0,0.23248075166383914
TPSA,-1.5151515151515298,1.5151515151515298,50,1.0,1.0,-0.0,-0.0,0.0,1.0,1.0
TPSA,1.5151515151515014,1.5151515151515014,50,1.0,1.0,0.0,0.0,0.0,1.0,1.0
TPSA,4.5454545454545325,4.5454545454545325,50,1.0,1.0,0.0,49.440000000000005,49.440000000000005,1.0,0.232051282051282
TPSA,7.575757575757564,7.575757575757564,50,1.0,1.0,0.0,102.655,102.655,1.0,0.10655314757481935
TPSA,10.606060606060595,10.606060606060595,50,1.0,1.0,0.0,155.81,155.80999999999997,1.0,0.0863726790450928
TPSA,13.636363636363626,13.636363636363626,50,1.0,1.0,0.0,152.67999999999995,149.01999999999995,1.0,0.0754746835443038
TPSA,16.666666666666657,16.666666666666657,50,1.0,1.0,0.0,180.62,180.62,1.0,0.0576923076923076
TPSA,19.69696969696969,19.69696969696969,50,1.0,1.0,0.0,186.18999999999997,175.365,1.0,0.04839968774395
TPSA,22.72727272727272,22.72727272727272,50,1.0,1.0,17.070000000000007,204.29,184.73000000000002,0.6068181818181818,0.04
TPSA,25.75757575757575,25.75757575757575,50,1.0,1.0,26.3,237.695,223.885,0.5939952904238619,0.043167701863354
TPSA,28.787878787878782,28.787878787878782,50,1.0,1.0,29.264999999999997,315.1449999999999,300.9399999999999,0.5324074074074074,0.0398412698412698
TPSA,31.818181818181813,31.818181818181813,50,1.0,1.0,29.264999999999997,502.70999999999975,474.1499999999994,0.4597336715282181,0.03827838827838825
TPSA,34.848484848484844,34.848484848484844,50,1.0,1.0,42.15500000000001,1542.9250000000002,1507.934999999999,0.36676854681856075,0.03738644304682035
TPSA,37.878787878787875,37.878787878787875,50,1.0,1.0,42.725,1680.7649999999976,1624.9599999999982,0.287632153045813,0.034090909090909
TPSA,40.90909090909091,40.90909090909091,50,1.0,1.0,43.31999999999999,1700.1199999999983,1646.9999999999977,0.22595281306715065,0.03916555885059815
TPSA,43.93939393939394,43.93939393939394,50,1.0,1.0,53.33,1714.0999999999976,1655.3249999999982,0.20645363408521303,0.0335205992509363
TPSA,46.96969696969697,46.96969696969697,50,1.0,1.0,60.60999999999999,1714.9299999999976,1657.259999999998,0.17462910031305295,0.03390804597701145
TPSA,50.0,50.0,50,1.0,1.0,75.35999999999999,1716.7949999999973,1645.3249999999978,0.16643356643356644,0.03055037313432835
TPSA,53.03030303030303,53.03030303030303,50,1.0,1.0,75.07,1720.2949999999973,1646.8899999999978,0.13180272108843538,0.03154495777446595
TPSA,56.06060606060606,56.06060606060606,50,1.0,1.0,76.75999999999998,1724.4949999999974,1644.8949999999982,0.1373285864978903,0.032002048131080346
TPSA,59.09090909090909,59.09090909090909,50,1.0,1.0,80.50999999999996,1721.2099999999978,1649.5649999999978,0.12962962962962962,0.0317540322580645
TPSA,62.121212121212125,62.121212121212125,50,1.0,1.0,92.10999999999999,1724.1399999999976,1628.7299999999982,0.10471491228070176,0.0325224748810153
TPSA,65.15151515151516,65.15151515151516,50,1.0,1.0,93.69,1724.0449999999978,1614.4149999999986,0.10912698412698413,0.03149801587301585
TPSA,68.18181818181819,68.18181818181819,50,1.0,1.0,96.85,1725.0099999999977,1594.8399999999992,0.10831761994552692,0.03125
TPSA,71.21212121212122,71.21212121212122,50,1.0,1.0,93.34500000000003,1719.029999999998,1605.0249999999978,0.0967364604047257,0.030536130536130503
TPSA,74.24242424242425,74.24242424242425,50,1.0,1.0,87.61500000000001,1717.7699999999977,1611.0749999999985,0.09745673279864922,0.030536130536130503
TPSA,77.27272727272728,77.27272727272728,50,1.0,1.0,86.74499999999998,1713.5699999999977,1594.649999999998,0.09758560984994229,0.030536130536130503
TPSA,80.30303030303031,80.30303030303031,50,1.0,1.0,95.55999999999999,1711.009999999998,1592.5049999999978,0.09384935191978479,0.030076888285843498
TPSA,83.33333333333334,83.33333333333334,50,1.0,1.0,105.89000000000001,1703.674999999998,1589.6799999999978,0.08941897654584222,0.03154495777446595
TPSA,86.36363636363637,86.36363636363637,50,1.0,1.0,115.03500000000001,1699.8099999999981,1578.5349999999974,0.0842739378566899,0.0321829163071613
TPSA,89.3939393939394,89.3939393939394,50,1.0,1.0,105.80000000000001,1694.3049999999982,1572.2849999999994,0.0837719298245614,0.0294117647058823
TPSA,92.42424242424244,92.42424242424244,50,1.0,1.0,115.85500000000002,1685.9049999999984,1561.0849999999996,0.08199279711884754,0.0303030303030303
TPSA,95.45454545454544,95.45454545454544,50,1.0,1.0,108.85000000000002,1674.7049999999986,1534.7049999999979,0.08102025506376595,0.0298573975044563
TPSA,98.48484848484847,98.48484848484847,50,1.0,1.0,118.44999999999999,1664.9049999999988,1555.5399999999981,0.07705627705627706,0.031024531024531003
TPSA,101.5151515151515,101.5151515151515,50,1.0,1.0,115.535,1647.914999999999,1535.9399999999987,0.06787469287469287,0.030536130536130503
TPSA,104.54545454545453,104.54545454545453,50,1.0,1.0,101.685,1629.619999999999,1523.244999999999,0.06755215123859191,0.0317540322580645
TPSA,107.57575757575756,107.57575757575756,50,1.0,1.0,91.315,1617.1149999999993,1539.5349999999985,0.07362240289069558,0.0325396825396825
TPSA,110.60606060606062,110.60606060606062,50,1.0,1.0,117.07500000000002,1603.1149999999993,1493.444999999998,0.06895531222255105,0.0325396825396825
TPSA,113.63636363636363,113.63636363636363,50,1.0,1.0,129.5,1586.2199999999998,1474.8799999999978,0.07435046987285793,0.032258064516129
TPSA,116.66666666666669,116.66666666666669,50,1.0,1.0,145.33499999999998,1566.525,1446.505,0.07176186645213194,0.03149801587301585
TPSA,119.69696969696969,119.69696969696969,50,1.0,1.0,100.54,1551.1250000000002,1467.424999999999,0.0641729581331503,0.032002048131080346
TPSA,122.72727272727275,122.72727272727275,50,1.0,1.0,102.70500000000003,1531.73,1456.464999999999,0.06796703296703296,0.03298296484233415
TPSA,125.75757575757575,125.75757575757575,50,1.0,1.0,128.64999999999998,1516.3300000000002,1398.1150000000025,0.06308991554893195,0.033174486803519
TPSA,128.7878787878788,128.7878787878788,50,1.0,1.0,119.53,1500.9300000000003,1381.6150000000016,0.05983343074225599,0.035991379310344795
TPSA,131.8181818181818,131.8181818181818,50,1.0,1.0,94.83499999999998,1482.7300000000005,1366.600000000002,0.056873315363881405,0.0344827586206896
TPSA,134.84848484848487,134.84848484848487,50,1.0,1.0,85.89500000000001,1461.730000000001,1372.3550000000005,0.06168478260869566,0.03468323977546105
TPSA,137.87878787878788,137.87878787878788,50,1.0,1.0,93.66000000000001,1442.7050000000013,1359.6600000000008,0.0573716542343133,0.033370411568409294
TPSA,140.90909090909088,140.90909090909088,50,1.0,1.0,90.46,1429.5350000000017,1367.4400000000005,0.058823529411764705,0.032266458495966654
TPSA,143.93939393939394,143.93939393939394,50,1.0,1.0,90.815,1416.485000000002,1350.3950000000018,0.060462991166615895,0.033370411568409294
TPSA,146.96969696969694,146.96969696969694,50,1.0,1.0,97.08000000000001,1411.615000000002,1344.555000000002,0.056873315363881405,0.03509852216748765
TPSA,150.0,150.0,50,1.0,1.0,90.815,1409.150000000002,1342.240000000002,0.05607966457023061,0.03239289446185995
cLogP,-150.0,150.0,50,1.0,1.0,3.9740750000000036,79.59773999999896,75.81629999999896,0.023558758314855877,0.015079365079365
cLogP,-146.96969696969697,146.96969696969697,50,1.0,1.0,3.7307150000000022,79.59773999999896,75.81629999999896,0.023558758314855877,0.015079365079365
cLogP,-143.93939393939394,143.93939393939394,50,1.0,1.0,3.8684650000000023,79.59773999999896,75.81629999999896,0.023558758314855877,0.015079365079365
cLogP,-140.9090909090909,140.9090909090909,50,1.0,1.0,3.8684650000000023,79.59773999999896,75.81629999999896,0.027205882352941177,0.015079365079365
cLogP,-137.87878787878788,137.87878787878788,50,1.0,1.0,4.072260000000002,79.59773999999896,75.81629999999896,0.03286637931034483,0.015079365079365
cLogP,-134.84848484848484,134.84848484848484,50,1.0,1.0,4.001410000000002,79.59773999999896,75.81629999999896,0.033482142857142856,0.015079365079365
cLogP,-131.8181818181818,131.8181818181818,50,1.0,1.0,4.038100000000002,79.59773999999896,75.81629999999896,0.033482142857142856,0.015079365079365
cLogP,-128.78787878787878,128.78787878787878,50,1.0,1.0,4.098750000000002,79.59773999999896,75.81629999999896,0.03704974271012007,0.015079365079365
cLogP,-125.75757575757575,125.75757575757575,50,1.0,1.0,4.077050000000002,79.59773999999896,75.73288999999897,0.03704974271012007,0.015079365079365
cLogP,-122.72727272727272,122.72727272727272,50,1.0,1.0,4.181400000000001,79.59773999999896,75.73288999999897,0.03704974271012007,0.015079365079365
cLogP,-119.69696969696969,119.69696969696969,50,1.0,1.0,4.5447900000000025,79.59773999999896,75.75413999999897,0.06125,0.015079365079365
cLogP,-116.66666666666666,116.66666666666666,50,1.0,1.0,4.5447900000000025,79.59773999999896,75.74187499999897,0.06125,0.015079365079365
cLogP,-113.63636363636364,113.63636363636364,50,1.0,1.0,4.3290700000000015,79.59773999999896,75.76318999999896,0.06110074626865672,0.015079365079365
cLogP,-110.60606060606061,110.60606060606061,50,1.0,1.0,4.232460000000001,79.59773999999896,75.78333999999896,0.06458333333333333,0.015079365079365
cLogP,-107.57575757575758,107.57575757575758,50,1.0,1.0,4.381975000000001,79.59773999999896,75.78884999999897,0.06201923076923077,0.015079365079365
cLogP,-104.54545454545455,104.54545454545455,50,1.0,1.0,4.232460000000001,79.59773999999896,75.69172999999896,0.06666666666666667,0.015079365079365
cLogP,-101.51515151515152,101.51515151515152,50,1.0,1.0,4.232460000000001,79.59773999999896,75.69172999999896,0.06961259079903148,0.015079365079365
cLogP,-98.48484848484848,98.48484848484848,50,1.0,1.0,4.33931,79.59773999999896,75.64549999999895,0.06977687626774848,0.015079365079365
cLogP,-95.45454545454545,95.45454545454545,50,1.0,1.0,4.382450000000001,79.59773999999896,75.64549999999895,0.07409948542024014,0.015079365079365
cLogP,-92.42424242424242,92.42424242424242,50,1.0,1.0,4.3656500000000005,79.59773999999896,75.62209999999897,0.08462640248269276,0.015079365079365
cLogP,-89.39393939393939,89.39393939393939,50,1.0,1.0,4.407050000000001,79.59773999999896,75.58539999999896,0.08392018779342722,0.015079365079365
cLogP,-86.36363636363637,86.36363636363637,50,1.0,1.0,4.367450000000002,79.59773999999896,75.74384999999897,0.08001422475106686,0.015079365079365
cLogP,-83.33333333333333,83.33333333333333,50,1.0,1.0,4.337005000000001,79.59773999999896,75.79724999999897,0.0782781862745098,0.015079365079365
cLogP,-80.3030303030303,80.3030303030303,50,1.0,1.0,4.501299999999999,79.59773999999896,75.54044999999897,0.07853618421052631,0.015079365079365
cLogP,-77.27272727272728,77.27272727272728,50,1.0,1.0,4.501299999999999,79.59773999999896,75.54209999999895,0.08022308022308022,0.015079365079365
cLogP,-74.24242424242425,74.24242424242425,50,1.0,1.0,4.424210000000001,79.59773999999896,75.61354999999895,0.08207949696833594,0.015079365079365
cLogP,-71.21212121212122,71.21212121212122,50,1.0,1.0,3.993410000000002,79.59773999999896,75.80924999999895,0.08754789272030652,0.015079365079365
cLogP,-68.18181818181819,68.18181818181819,50,1.0,1.0,3.9512600000000027,79.59773999999896,75.97479999999896,0.09434801958166444,0.015079365079365
cLogP,-65.15151515151516,65.15151515151516,50,1.0,1.0,3.7732200000000007,79.59773999999896,76.08114999999896,0.09569597069597069,0.015079365079365
cLogP,-62.121212121212125,62.121212121212125,50,1.0,1.0,3.763670000000001,79.59773999999896,76.05189999999897,0.10056995771281485,0.015079365079365
cLogP,-59.09090909090909,59.09090909090909,50,1.0,1.0,3.4995600000000033,79.52319999999897,76.17829999999896,0.10416666666666667,0.015079365079365
cLogP,-56.06060606060606,56.06060606060606,50,1.0,1.0,3.4020650000000026,79.44450999999896,76.08594999999897,0.10724717050018255,0.016530054644808702
cLogP,-53.03030303030303,53.03030303030303,50,1.0,1.0,3.373015000000002,79.30339999999896,76.16159999999897,0.12163978494623656,0.0178571428571428
cLogP,-50.0,50.0,50,1.0,1.0,3.021250000000003,78.81879999999899,75.92438999999897,0.125,0.01801948051948045
cLogP,-46.96969696969697,46.96969696969697,50,1.0,1.0,2.7029500000000004,76.812799999999,74.21765999999901,0.12382978723404255,0.0238095238095238
cLogP,-43.93939393939394,43.93939393939394,50,1.0,1.0,2.128450000000003,69.39556999999915,67.84036999999915,0.15726062143310082,0.02650052650052645
cLogP,-40.90909090909091,40.90909090909091,50,1.0,1.0,1.7995050000000004,60.08314999999959,59.15644999999958,0.1793012524719842,0.03827838827838825
cLogP,-37.878787878787875,37.878787878787875,50,1.0,1.0,1.6779500000000012,21.410059999999945,19.440099999999948,0.19281045751633985,0.03577140420087425
cLogP,-34.848484848484844,34.848484848484844,50,1.0,1.0,1.0633,11.258000000000006,10.022800000000004,0.31578276389597143,0.0433455433455433
cLogP,-31.818181818181813,31.818181818181813,50,1.0,1.0,0.6848100000000005,9.185890000000002,8.08885,0.3447022644674308,0.03823051948051945
cLogP,-28.787878787878782,28.787878787878782,50,1.0,1.0,0.09125000000000005,8.17126,7.65879,0.5341085271317829,0.0439510939510939
cLogP,-25.757575757575765,25.757575757575765,50,1.0,1.0,-0.0,7.354589999999998,7.080990000000001,1.0,0.05354838709677415
cLogP,-22.727272727272734,22.727272727272734,50,1.0,1.0,-0.0,6.885805,6.417774999999999,1.0,0.060423512230741105
cLogP,-19.69696969696969,19.69696969696969,50,1.0,1.0,-0.0,6.543004999999998,6.382405,1.0,0.06274586939417774
cLogP,-16.666666666666657,16.666666666666657,50,1.0,1.0,-0.0,5.792604999999998,5.425650000000001,1.0,0.08032258064516125
cLogP,-13.636363636363626,13.636363636363626,50,1.0,1.0,-0.0,5.182125000000001,5.061610000000001,1.0,0.0827144811412937
cLogP,-10.606060606060595,10.606060606060595,50,1.0,1.0,-0.0,4.632149999999999,4.490700000000002,1.0,0.10275263951734535
cLogP,-7.575757575757564,7.575757575757564,50,1.0,1.0,-0.0,2.7352050000000006,2.7352050000000006,1.0,0.12869458128078815
cLogP,-4.545454545454561,4.545454545454561,50,1.0,1.0,-0.0,0.6779050000000009,0.7233500000000008,1.0,0.5019638648860958
cLogP,-1.5151515151515298,1.5151515151515298,50,1.0,1.0,-0.0,-0.0,0.0,1.0,1.0
cLogP,1.5151515151515014,1.5151515151515014,50,1.0,1.0,0.0,0.0,0.0,1.0,1.0
cLogP,4.5454545454545325,4.5454545454545325,50,1.0,1.0,0.0,0.3428500000000012,0.3428500000000012,1.0,0.4404682274247491
cLogP,7.575757575757564,7.575757575757564,50,1.0,1.0,0.0,2.053570000000002,2.053570000000002,1.0,0.1317283431455004
cLogP,10.606060606060595,10.606060606060595,50,1.0,1.0,0.0,3.317000000000002,3.2460999999999993,1.0,0.09194015444015441
cLogP,13.636363636363626,13.636363636363626,50,1.0,1.0,0.0,6.472549999999984,6.391199999999973,1.0,0.0738017429193899
cLogP,16.666666666666657,16.666666666666657,50,1.0,1.0,0.0,8.106859999999987,7.91879999999998,1.0,0.0613814756671899
cLogP,19.69696969696969,19.69696969696969,50,1.0,1.0,0.0,8.970309999999975,8.568949999999973,1.0,0.051785714285714254
cLogP,22.72727272727272,22.72727272727272,50,1.0,1.0,0.07985000000000042,34.549399999999935,34.10750999999994,0.6422527763088313,0.0425724637681159
cLogP,25.75757575757575,25.75757575757575,50,1.0,1.0,0.4213500000000012,42.77350999999983,41.677299999999846,0.5520853170824604,0.041824540950160305
cLogP,28.787878787878782,28.787878787878782,50,1.0,1.0,1.2679350000000014,51.49739999999965,49.99138999999967,0.3917004048582996,0.04270516717325225
cLogP,31.818181818181813,31.818181818181813,50,1.0,1.0,1.4198500000000007,55.482039999999586,54.044289999999584,0.34523809523809523,0.0383484440088213
cLogP,34.848484848484844,34.848484848484844,50,1.0,1.0,1.6473000000000018,56.223949999999576,54.406339999999574,0.24244897959183673,0.036038961038960995
cLogP,37.878787878787875,37.878787878787875,50,1.0,1.0,1.7474000000000016,56.55354999999959,54.76771499999958,0.21528724440116848,0.03398617511520735
cLogP,40.90909090909091,40.90909090909091,50,1.0,1.0,2.0253000000000005,57.0778599999996,54.46958999999958,0.17693699446573008,0.0325224748810153
cLogP,43.93939393939394,43.93939393939394,50,1.0,1.0,2.274510000000003,57.20565999999958,54.43759999999958,0.1734874518379673,0.0325224748810153
cLogP,46.96969696969697,46.96969696969697,50,1.0,1.0,2.3659450000000026,57.20565999999958,54.15149999999959,0.15188834154351394,0.0325224748810153
cLogP,50.0,50.0,50,1.0,1.0,2.242660000000003,57.20565999999958,54.02720999999958,0.14285714285714285,0.0325224748810153
cLogP,53.03030303030303,53.03030303030303,50,1.0,1.0,2.530635000000003,57.20565999999958,53.85080499999958,0.11583184257602863,0.0325224748810153
cLogP,56.06060606060606,56.06060606060606,50,1.0,1.0,2.7444600000000032,57.20565999999958,53.88524999999958,0.11150568181818182,0.0325224748810153
cLogP,59.09090909090909,59.09090909090909,50,1.0,1.0,2.645099999999999,57.20565999999958,53.83680999999959,0.10963255494505494,0.0325224748810153
cLogP,62.121212121212125,62.121212121212125,50,1.0,1.0,2.948300000000003,57.20565999999958,53.299899999999575,0.1085094995986085,0.0325224748810153
cLogP,65.15151515151516,65.15151515151516,50,1.0,1.0,3.3861000000000043,57.20565999999958,53.27389999999958,0.10348520249221184,0.0325224748810153
cLogP,68.18181818181819,68.18181818181819,50,1.0,1.0,4.430859999999999,57.20565999999958,52.35274999999959,0.09730014025245443,0.0325224748810153
cLogP,71.21212121212122,71.21212121212122,50,1.0,1.0,4.561755000000002,57.20565999999958,52.10999999999959,0.09648889479984041,0.0325224748810153
cLogP,74.24242424242425,74.24242424242425,50,1.0,1.0,4.660399999999999,57.20565999999958,52.208749999999576,0.09227330779054917,0.0325224748810153
cLogP,77.27272727272728,77.27272727272728,50,1.0,1.0,4.813099999999995,57.20565999999958,51.865699999999585,0.09424342105263159,0.0325224748810153
cLogP,80.30303030303031,80.30303030303031,50,1.0,1.0,5.199945000000001,57.20565999999958,51.76725499999958,0.09189537884119164,0.0325224748810153
cLogP,83.33333333333334,83.33333333333334,50,1.0,1.0,5.2425600000000045,57.20565999999958,51.722254999999585,0.0860042735042735,0.0325224748810153
cLogP,86.36363636363637,86.36363636363637,50,1.0,1.0,5.468499999999986,57.20565999999958,51.289994999999585,0.08460926625571684,0.0325224748810153
cLogP,89.3939393939394,89.3939393939394,50,1.0,1.0,5.73626,57.20565999999958,51.287889999999585,0.07407407407407407,0.0325224748810153
cLogP,92.42424242424244,92.42424242424244,50,1.0,1.0,6.313499999999984,57.20565999999958,50.842264999999585,0.07422711968166514,0.0325224748810153
cLogP,95.45454545454544,95.45454545454544,50,1.0,1.0,6.4208199999999955,57.20565999999958,50.55140499999959,0.07418805657412259,0.0325224748810153
cLogP,98.48484848484847,98.48484848484847,50,1.0,1.0,6.330944999999986,57.20565999999958,50.79145999999959,0.06837606837606838,0.0325224748810153
cLogP,101.5151515151515,101.5151515151515,50,1.0,1.0,6.6958799999999945,57.20565999999958,50.46088999999959,0.07028195101872814,0.0325224748810153
cLogP,104.54545454545453,104.54545454545453,50,1.0,1.0,7.172199999999981,57.20565999999958,50.088499999999584,0.07036751760563381,0.0325224748810153
cLogP,107.57575757575756,107.57575757575756,50,1.0,1.0,7.5723999999999885,57.20565999999958,49.600954999999594,0.07252220663861618,0.0325224748810153
cLogP,110.60606060606062,110.60606060606062,50,1.0,1.0,7.507149999999977,57.20565999999958,49.7718049999996,0.06572914829836007,0.0325224748810153
cLogP,113.63636363636363,113.63636363636363,50,1.0,1.0,7.845819999999982,57.20565999999958,49.0235499999996,0.060315215194988885,0.0325224748810153
cLogP,116.66666666666669,116.66666666666669,50,1.0,1.0,8.932739999999988,57.20565999999958,48.5744999999996,0.06360615473524525,0.0325224748810153
cLogP,119.69696969696969,119.69696969696969,50,1.0,1.0,9.44009999999999,57.20565999999958,48.3445049999996,0.06195175438596491,0.0325224748810153
cLogP,122.72727272727275,122.72727272727275,50,1.0,1.0,9.146249999999966,57.20565999999958,48.1034999999996,0.0573716542343133,0.0325224748810153
cLogP,125.75757575757575,125.75757575757575,50,1.0,1.0,10.618209999999983,57.20565999999958,47.21709999999961,0.060864197530864195,0.0325224748810153
cLogP,128.7878787878788,128.7878787878788,50,1.0,1.0,10.966699999999982,57.20565999999958,47.125399999999615,0.057438561768101595,0.0325224748810153
cLogP,131.8181818181818,131.8181818181818,50,1.0,1.0,14.718909999999969,57.20565999999958,42.14793999999961,0.05645528455284553,0.0325224748810153
cLogP,134.84848484848487,134.84848484848487,50,1.0,1.0,17.200799999999994,57.20565999999958,39.9801499999996,0.04908160192713038,0.0325224748810153
cLogP,137.87878787878788,137.87878787878788,50,1.0,1.0,23.178910000000062,57.20565999999958,32.445549999999514,0.045454545454545456,0.0325224748810153
cLogP,140.90909090909088,140.90909090909088,50,1.0,1.0,31.869420000000027,57.20565999999958,25.491599999999544,0.05183609493954322,0.0325224748810153
cLogP,143.93939393939394,143.93939393939394,50,1.0,1.0,35.05095000000003,57.20565999999958,23.680259999999567,0.050915150232754974,0.0325224748810153
cLogP,146.96969696969694,146.96969696969694,50,1.0,1.0,40.765549999999834,57.20565999999958,14.515704999999738,0.05069006019674056,0.0325224748810153
cLogP,150.0,150.0,50,1.0,1.0,42.83993999999981,57.20565999999958,13.194799999999756,0.050139664804469276,0.0325224748810153
