method,scale,property,alpha,requested_candidates,valid_fraction,unique_canonical_fraction_total,changed_from_seed_fraction_all,median_property,median_property_delta,median_sa_score,median_sa_score_delta,median_np_likeness_score,median_np_likeness_delta,fraction_at_decoder_token_budget,expected_sign_fraction_valid,median_seed_similarity,q25_seed_similarity,q75_seed_similarity,scaffold_retention_fraction
ChemSpacE released-ZINC protocol,native_l2,FractionCSP3,-1.0,200,1.0,1.0,0.8,0.3333333333333333,0.0,5.382224935995212,0.0,0.8121194292342597,0.0,0.0,0.45,0.20916666666666664,0.13308823529411762,0.5352941176470588,0.2345679012345679
ChemSpacE released-ZINC protocol,native_l2,FractionCSP3,-0.9,200,1.0,1.0,0.78,0.3333333333333333,0.0,5.349635853711336,0.0,0.7868127872643031,0.0,0.0,0.425,0.2133375474083438,0.13384879725085908,0.599898236092266,0.2654320987654321
ChemSpacE released-ZINC protocol,native_l2,FractionCSP3,-0.8,200,1.0,1.0,0.745,0.3333333333333333,0.0,5.349181688881803,0.0,0.7989787402245356,0.0,0.0,0.405,0.23754562493834463,0.13730191826522095,1.0,0.2883435582822086
ChemSpacE released-ZINC protocol,native_l2,FractionCSP3,-0.7,200,1.0,1.0,0.715,0.3333333333333333,0.0,5.343712924143907,0.0,0.8053188032730965,0.0,0.0,0.4,0.24267425320056896,0.13460573836276082,1.0,0.32098765432098764
ChemSpacE released-ZINC protocol,native_l2,FractionCSP3,-0.6,200,1.0,1.0,0.64,0.3333333333333333,0.0,5.365723983205164,0.0,0.7982608109208535,0.0,0.0,0.35,0.33045977011494254,0.1481481481481481,1.0,0.38650306748466257
ChemSpacE released-ZINC protocol,native_l2,FractionCSP3,-0.5,200,1.0,1.0,0.595,0.3333333333333333,0.0,5.407948009287868,0.0,0.8025796581376337,0.0,0.0,0.315,0.4040816326530612,0.17542270531400964,1.0,0.43902439024390244
ChemSpacE released-ZINC protocol,native_l2,FractionCSP3,-0.3999999999999999,200,1.0,1.0,0.52,0.3489130434782608,0.0,5.377376776762441,0.0,0.7953486757031628,0.0,0.0,0.26,0.6776334776334776,0.18947811447811444,1.0,0.509090909090909
ChemSpacE released-ZINC protocol,native_l2,FractionCSP3,-0.2999999999999999,200,1.0,1.0,0.455,0.35,0.0,5.482602616705864,0.0,0.7872175423670356,0.0,0.0,0.225,1.0,0.20131578947368414,1.0,0.5568862275449101
ChemSpacE released-ZINC protocol,native_l2,FractionCSP3,-0.1999999999999999,200,1.0,1.0,0.32,0.35,0.0,5.377376776762441,0.0,0.7553118224517753,0.0,0.0,0.17,1.0,0.3545908836166635,1.0,0.6923076923076923
ChemSpacE released-ZINC protocol,native_l2,FractionCSP3,-0.0999999999999999,200,1.0,1.0,0.185,0.3582887700534759,0.0,5.366715805420336,0.0,0.748899901768451,0.0,0.0,0.1,1.0,1.0,1.0,0.8197674418604651
ChemSpacE released-ZINC protocol,native_l2,FractionCSP3,0.0,200,1.0,1.0,0.0,0.3636363636363636,0.0,5.410964407320817,0.0,0.7557398351622628,0.0,0.0,,1.0,1.0,1.0,1.0
ChemSpacE released-ZINC protocol,native_l2,FractionCSP3,0.1,200,1.0,1.0,0.16,0.3684210526315789,0.0,5.426250840788686,0.0,0.7800025068002723,0.0,0.0,0.085,1.0,1.0,1.0,0.8470588235294118
ChemSpacE released-ZINC protocol,native_l2,FractionCSP3,0.2000000000000001,200,1.0,1.0,0.33,0.37797619047619047,0.0,5.502508187362279,0.0,0.7605963199023402,0.0,0.0,0.175,1.0,0.3603700516351119,1.0,0.6946107784431138
ChemSpacE released-ZINC protocol,native_l2,FractionCSP3,0.3,200,1.0,1.0,0.475,0.3944444444444445,0.0,5.485045831388215,0.0,0.8039248730275976,0.0,0.0,0.24,1.0,0.23687009706156095,1.0,0.5421686746987951
ChemSpacE released-ZINC protocol,native_l2,FractionCSP3,0.4000000000000001,200,1.0,1.0,0.57,0.3956521739130435,0.0,5.465294098268378,0.0,0.7996302466485352,0.0,0.0,0.275,0.5684754521963824,0.16889880952380948,1.0,0.43373493975903615
ChemSpacE released-ZINC protocol,native_l2,FractionCSP3,0.5,200,1.0,1.0,0.635,0.3867521367521367,0.0,5.467325557676725,0.0,0.8039248730275976,0.0,0.0,0.31,0.3628472222222222,0.16282314923619265,1.0,0.38181818181818183
ChemSpacE released-ZINC protocol,native_l2,FractionCSP3,0.6000000000000001,200,1.0,1.0,0.675,0.38278388278388276,0.0,5.484625365361483,0.0,0.8171937626494203,0.0,0.0,0.325,0.31840120663650073,0.1559198943661972,1.0,0.35802469135802467
ChemSpacE released-ZINC protocol,native_l2,FractionCSP3,0.7000000000000002,200,1.0,1.0,0.735,0.3867521367521367,0.0,5.426484232667325,0.0,0.8039248730275976,0.0,0.0,0.365,0.28125,0.14493758668515946,1.0,0.2865853658536585
ChemSpacE released-ZINC protocol,native_l2,FractionCSP3,0.8,200,1.0,1.0,0.775,0.3809523809523809,0.0,5.438103618423369,0.0,0.7841691743355008,0.0,0.0,0.39,0.2672108575924469,0.1428571428571428,0.7414148351648351,0.25
ChemSpacE released-ZINC protocol,native_l2,FractionCSP3,0.9000000000000001,200,1.0,1.0,0.785,0.38278388278388276,0.0,5.421151291325869,0.0,0.7667580902016422,0.0,0.0,0.405,0.23594202898550726,0.13589743589743586,0.5966763499658236,0.23125
ChemSpacE released-ZINC protocol,native_l2,FractionCSP3,1.0,200,1.0,1.0,0.82,0.391304347826087,0.0,5.421151291325869,0.0,0.7689082843832129,0.0,0.0,0.45,0.21002100210021002,0.13260869565217387,0.48869949494949494,0.21019108280254778
ChemSpacE released-ZINC protocol,native_l2,HBA,-1.0,200,1.0,1.0,0.84,4.0,0.0,5.442689119137672,0.0,0.8683259541973154,0.0,0.0,0.33,0.1987654320987654,0.11825513196480934,0.450592885375494,0.18292682926829268
ChemSpacE released-ZINC protocol,native_l2,HBA,-0.9,200,1.0,1.0,0.81,4.0,0.0,5.445677809384549,0.0,0.8615980338690654,0.0,0.0,0.32,0.20959419885650538,0.1185285053929121,0.5183658170914542,0.21604938271604937
ChemSpacE released-ZINC protocol,native_l2,HBA,-0.8,200,1.0,1.0,0.765,4.0,0.0,5.443190008154358,0.0,0.8595732421988779,0.0,0.0,0.27,0.2486559139784946,0.13363226927939315,0.7755028735632183,0.28484848484848485
ChemSpacE released-ZINC protocol,native_l2,HBA,-0.7,200,1.0,1.0,0.7,4.0,0.0,5.453998015297387,0.0,0.8595732421988779,0.0,0.0,0.235,0.2846961740435109,0.14092664092664087,1.0,0.34545454545454546
ChemSpacE released-ZINC protocol,native_l2,HBA,-0.6,200,1.0,1.0,0.665,4.0,0.0,5.491188508925118,0.0,0.8570227695561633,0.0,0.0,0.23,0.326250307957625,0.146691773740954,1.0,0.36904761904761907
ChemSpacE released-ZINC protocol,native_l2,HBA,-0.5,200,1.0,1.0,0.59,4.0,0.0,5.532438878249197,0.0,0.8383346517895613,0.0,0.0,0.225,0.4865497076023392,0.17774540960451973,1.0,0.44047619047619047
ChemSpacE released-ZINC protocol,native_l2,HBA,-0.3999999999999999,200,1.0,1.0,0.54,4.0,0.0,5.525132245072053,0.0,0.8383346517895613,0.0,0.0,0.23,0.5330917874396135,0.19512622720897616,1.0,0.4880952380952381
ChemSpacE released-ZINC protocol,native_l2,HBA,-0.2999999999999999,200,1.0,1.0,0.445,4.0,0.0,5.432402210491054,0.0,0.8106048467647559,0.0,0.0,0.185,1.0,0.23160535117056855,1.0,0.5588235294117647
ChemSpacE released-ZINC protocol,native_l2,HBA,-0.1999999999999999,200,1.0,1.0,0.3,4.0,0.0,5.308099302099905,0.0,0.7953486757031628,0.0,0.0,0.13,1.0,0.508983666061706,1.0,0.7159763313609467
ChemSpacE released-ZINC protocol,native_l2,HBA,-0.0999999999999999,200,1.0,1.0,0.185,4.0,0.0,5.410964407320817,0.0,0.7905012555419906,0.0,0.0,0.08,1.0,1.0,1.0,0.8245614035087719
ChemSpacE released-ZINC protocol,native_l2,HBA,0.0,200,1.0,1.0,0.0,4.0,0.0,5.410964407320817,0.0,0.7557398351622628,0.0,0.0,,1.0,1.0,1.0,1.0
ChemSpacE released-ZINC protocol,native_l2,HBA,0.1,200,1.0,1.0,0.195,4.0,0.0,5.416889265552331,0.0,0.7557398351622628,0.0,0.0,0.065,1.0,1.0,1.0,0.8265895953757225
ChemSpacE released-ZINC protocol,native_l2,HBA,0.2000000000000001,200,1.0,1.0,0.33,4.5,0.0,5.376848124149971,0.0,0.7549865488044953,0.0,0.0,0.125,1.0,0.4507992007992007,1.0,0.6863905325443787
ChemSpacE released-ZINC protocol,native_l2,HBA,0.3,200,1.0,1.0,0.42,4.5,0.0,5.305489786327306,0.0,0.7424577226646873,0.0,0.0,0.165,1.0,0.2858056265984654,1.0,0.6071428571428571
ChemSpacE released-ZINC protocol,native_l2,HBA,0.4000000000000001,200,1.0,1.0,0.48,5.0,0.0,5.351179888670092,0.0,0.7412682654834553,0.0,0.0,0.215,1.0,0.21890756302521003,1.0,0.5515151515151515
ChemSpacE released-ZINC protocol,native_l2,HBA,0.5,200,1.0,1.0,0.545,5.0,0.0,5.385674041486039,0.0,0.7557398351622628,0.0,0.0,0.25,0.652557319223986,0.17943893260348948,1.0,0.503030303030303
ChemSpacE released-ZINC protocol,native_l2,HBA,0.6000000000000001,200,1.0,1.0,0.61,5.0,0.0,5.385674041486039,0.0,0.8074156881747016,0.0,0.0,0.265,0.43030615248748894,0.16133557800224466,1.0,0.43636363636363634
ChemSpacE released-ZINC protocol,native_l2,HBA,0.7000000000000002,200,1.0,1.0,0.67,5.0,0.0,5.367953411903738,0.0,0.8330807569726625,0.0,0.0,0.285,0.3457481872116018,0.15453296703296698,1.0,0.3719512195121951
ChemSpacE released-ZINC protocol,native_l2,HBA,0.8,200,1.0,1.0,0.74,5.0,0.0,5.409508754513033,0.0,0.8490162813618536,0.0,0.0,0.305,0.2847490347490347,0.14936155913978488,1.0,0.28484848484848485
ChemSpacE released-ZINC protocol,native_l2,HBA,0.9000000000000001,200,1.0,1.0,0.785,5.0,0.0,5.43780232096818,0.0,0.8358796747213502,0.0,0.0,0.33,0.2254032258064516,0.1411845730027548,0.6927043544690603,0.24096385542168675
ChemSpacE released-ZINC protocol,native_l2,HBA,1.0,200,1.0,1.0,0.805,5.0,0.0,5.510806160655659,0.0,0.8116047834295443,0.0,0.0,0.325,0.20705317954475855,0.1411845730027548,0.5771720969089391,0.22560975609756098
ChemSpacE released-ZINC protocol,native_l2,TPSA,-1.0,200,1.0,1.0,0.85,64.7,0.0,5.4652516157725,0.0,0.7926835828971645,0.0,0.0,0.47,0.20240963855421684,0.1267914932963476,0.42204301075268813,0.18072289156626506
ChemSpacE released-ZINC protocol,native_l2,TPSA,-0.9,200,1.0,1.0,0.825,64.905,0.0,5.4652516157725,0.0,0.7842110932880494,0.0,0.0,0.445,0.22261970280682436,0.13384879725085908,0.4570863918690006,0.19879518072289157
ChemSpacE released-ZINC protocol,native_l2,TPSA,-0.8,200,1.0,1.0,0.8,64.7,0.0,5.449168021355935,0.0,0.7993631849015066,0.0,0.0,0.415,0.2397372742200328,0.13269368173930793,0.5931818181818183,0.24390243902439024
ChemSpacE released-ZINC protocol,native_l2,TPSA,-0.7,200,1.0,1.0,0.75,66.7,0.0,5.461380932715999,0.0,0.7598655893716961,0.0,0.0,0.375,0.25942181647940077,0.14332608695652171,0.896551724137931,0.27710843373493976
ChemSpacE released-ZINC protocol,native_l2,TPSA,-0.6,200,1.0,1.0,0.68,65.015,0.0,5.467965587609335,0.0,0.7688740135702049,0.0,0.0,0.34,0.2715201465201465,0.14918656974731737,1.0,0.3532934131736527
ChemSpacE released-ZINC protocol,native_l2,TPSA,-0.5,200,1.0,1.0,0.62,65.82000000000001,0.0,5.461380932715999,0.0,0.7705389651955976,0.0,0.0,0.285,0.4426523297491039,0.1590378079864061,1.0,0.40853658536585363
ChemSpacE released-ZINC protocol,native_l2,TPSA,-0.3999999999999999,200,1.0,1.0,0.555,66.935,0.0,5.452801056929849,0.0,0.7603408766149664,0.0,0.0,0.26,0.571765322158198,0.1769920030831486,1.0,0.46706586826347307
ChemSpacE released-ZINC protocol,native_l2,TPSA,-0.2999999999999999,200,1.0,1.0,0.455,65.75,0.0,5.4219973075094225,0.0,0.7603408766149664,0.0,0.0,0.21,1.0,0.2293758184199039,1.0,0.5748502994011976
ChemSpacE released-ZINC protocol,native_l2,TPSA,-0.1999999999999999,200,1.0,1.0,0.325,64.74000000000001,0.0,5.453465297239978,0.0,0.7429937640494091,0.0,0.0,0.155,1.0,0.4211857810067462,1.0,0.7083333333333334
ChemSpacE released-ZINC protocol,native_l2,TPSA,-0.0999999999999999,200,1.0,1.0,0.175,64.74000000000001,0.0,5.432402210491054,0.0,0.7603408766149664,0.0,0.0,0.06,1.0,1.0,1.0,0.8362573099415205
ChemSpacE released-ZINC protocol,native_l2,TPSA,0.0,200,1.0,1.0,0.0,64.35,0.0,5.410964407320817,0.0,0.7557398351622628,0.0,0.0,,1.0,1.0,1.0,1.0
ChemSpacE released-ZINC protocol,native_l2,TPSA,0.1,200,1.0,1.0,0.195,64.71000000000001,0.0,5.427294168533962,0.0,0.7711609378111928,0.0,0.0,0.09,1.0,1.0,1.0,0.815028901734104
ChemSpacE released-ZINC protocol,native_l2,TPSA,0.2000000000000001,200,1.0,1.0,0.33,64.82000000000001,0.0,5.385674041486039,0.0,0.7553118224517753,0.0,0.0,0.155,1.0,0.4624735729386892,1.0,0.7065868263473054
ChemSpacE released-ZINC protocol,native_l2,TPSA,0.3,200,1.0,1.0,0.475,64.71000000000001,0.0,5.322993379990423,0.0,0.7491437922963012,0.0,0.0,0.235,1.0,0.22704207920792077,1.0,0.5454545454545454
ChemSpacE released-ZINC protocol,native_l2,TPSA,0.4000000000000001,200,1.0,1.0,0.56,65.03,0.0,5.2853600614888485,0.0,0.7394639549150295,0.0,0.0,0.305,0.6216589861751152,0.17336960386885714,1.0,0.47560975609756095
ChemSpacE released-ZINC protocol,native_l2,TPSA,0.5,200,1.0,1.0,0.61,64.74000000000001,0.0,5.226949640127069,0.0,0.7117882600306678,0.0,0.0,0.325,0.45717048908538266,0.16576086956521732,1.0,0.4382716049382716
ChemSpacE released-ZINC protocol,native_l2,TPSA,0.6000000000000001,200,1.0,1.0,0.68,67.10499999999999,0.0,5.2853600614888485,0.0,0.7159249973592821,0.0,0.0,0.36,0.33858135365307035,0.1517857142857142,1.0,0.3710691823899371
ChemSpacE released-ZINC protocol,native_l2,TPSA,0.7000000000000002,200,1.0,1.0,0.71,67.10499999999999,0.0,5.2853600614888485,0.0,0.7138408774999112,0.0,0.0,0.39,0.32667910447761195,0.14600889513108606,1.0,0.34177215189873417
ChemSpacE released-ZINC protocol,native_l2,TPSA,0.8,200,1.0,1.0,0.75,67.10499999999999,0.0,5.23234304435811,0.0,0.7138408774999112,0.0,0.0,0.43,0.2830440587449933,0.1418650793650793,0.8584905660377359,0.3057324840764331
ChemSpacE released-ZINC protocol,native_l2,TPSA,0.9000000000000001,200,1.0,1.0,0.795,68.36500000000001,0.0,5.260222639121327,0.0,0.7427779131781453,0.0,0.0,0.475,0.24073509226780535,0.13533333333333333,0.660625,0.25157232704402516
ChemSpacE released-ZINC protocol,native_l2,TPSA,1.0,200,1.0,1.0,0.81,69.845,0.0,5.310785418098644,0.0,0.7491024254987233,0.0,0.0,0.475,0.2102067183462532,0.12875093773443358,0.5661581920903954,0.2356687898089172
ChemSpacE released-ZINC protocol,native_l2,cLogP,-1.0,200,1.0,1.0,0.885,2.7783850000000005,-0.00499999999999985,5.479302034491935,0.0,0.7082201727040847,0.0,0.0,0.505,0.19139194139194135,0.13468468468468464,0.3333333333333333,0.11688311688311688
ChemSpacE released-ZINC protocol,native_l2,cLogP,-0.9,200,1.0,1.0,0.87,2.8051250000000008,0.0,5.45369111464656,0.0,0.737088583623293,0.0,0.0,0.465,0.2021505376344086,0.13147109577221738,0.36456400742115025,0.13725490196078433
ChemSpacE released-ZINC protocol,native_l2,cLogP,-0.8,200,1.0,1.0,0.845,2.7658750000000003,0.0,5.5243881193278686,0.0,0.7459535317436682,0.0,0.0,0.435,0.20900383141762452,0.13034641215977372,0.44503546099290775,0.1830065359477124
ChemSpacE released-ZINC protocol,native_l2,cLogP,-0.7,200,1.0,1.0,0.795,2.816045000000001,0.0,5.540106799389726,0.0,0.7651327462838551,0.0,0.0,0.4,0.23517012947907254,0.136056511056511,0.5575614574187884,0.23270440251572327
ChemSpacE released-ZINC protocol,native_l2,cLogP,-0.6,200,1.0,1.0,0.74,3.030450000000001,0.0,5.520914458606812,0.0,0.7926575236376512,0.0,0.0,0.345,0.26498746295874176,0.1387820512820513,1.0,0.30625
ChemSpacE released-ZINC protocol,native_l2,cLogP,-0.5,200,1.0,1.0,0.68,3.153950000000002,0.0,5.506562092125532,0.0,0.8184646685654424,0.0,0.0,0.295,0.337719298245614,0.1530392883617494,1.0,0.37037037037037035
ChemSpacE released-ZINC protocol,native_l2,cLogP,-0.3999999999999999,200,1.0,1.0,0.61,3.161295000000001,0.0,5.53072139665027,0.0,0.8039248730275976,0.0,0.0,0.25,0.4705882352941176,0.16522453924028724,1.0,0.4294478527607362
ChemSpacE released-ZINC protocol,native_l2,cLogP,-0.2999999999999999,200,1.0,1.0,0.535,3.161295000000001,0.0,5.440135176641684,0.0,0.8000840677808736,0.0,0.0,0.215,0.6621323529411764,0.21005571531272463,1.0,0.5212121212121212
ChemSpacE released-ZINC protocol,native_l2,cLogP,-0.1999999999999999,200,1.0,1.0,0.415,3.027800000000001,0.0,5.419913657494664,0.0,0.7804230165151169,0.0,0.0,0.195,1.0,0.30740037950664134,1.0,0.6167664670658682
ChemSpacE released-ZINC protocol,native_l2,cLogP,-0.0999999999999999,200,1.0,1.0,0.225,2.988300000000001,0.0,5.443637626204768,0.0,0.7648720877077637,0.0,0.0,0.085,1.0,1.0,1.0,0.7988165680473372
ChemSpacE released-ZINC protocol,native_l2,cLogP,0.0,200,1.0,1.0,0.0,2.8150500000000003,0.0,5.410964407320817,0.0,0.7557398351622628,0.0,0.0,,1.0,1.0,1.0,1.0
ChemSpacE released-ZINC protocol,native_l2,cLogP,0.1,200,1.0,1.0,0.17,2.820100000000001,0.0,5.343345546252953,0.0,0.7605963199023402,0.0,0.0,0.095,1.0,1.0,1.0,0.8372093023255814
ChemSpacE released-ZINC protocol,native_l2,cLogP,0.2000000000000001,200,1.0,1.0,0.39,2.8838450000000018,0.0,5.339416036515475,0.0,0.7429937640494091,0.0,0.0,0.235,1.0,0.40089263878698944,1.0,0.6153846153846154
ChemSpacE released-ZINC protocol,native_l2,cLogP,0.3,200,1.0,1.0,0.495,2.9221000000000013,0.0,5.379903500882445,0.0,0.7429937640494091,0.0,0.0,0.3,1.0,0.26816239316239315,1.0,0.514792899408284
ChemSpacE released-ZINC protocol,native_l2,cLogP,0.4000000000000001,200,1.0,1.0,0.58,2.887895000000002,0.0,5.410964407320817,0.0,0.7796641360287464,0.0,0.0,0.35,0.5616784630940344,0.2091230551626591,1.0,0.437125748502994
ChemSpacE released-ZINC protocol,native_l2,cLogP,0.5,200,1.0,1.0,0.64,3.0902000000000007,0.0,5.436928719955164,0.0,0.8021016161675776,0.0,0.0,0.4,0.41751227495908344,0.16025534045393858,1.0,0.37575757575757573
ChemSpacE released-ZINC protocol,native_l2,cLogP,0.6000000000000001,200,1.0,1.0,0.715,3.254385000000002,0.0,5.530594906990597,0.0,0.7969077014102929,0.0,0.0,0.44,0.322884012539185,0.15863256271519918,1.0,0.3212121212121212
ChemSpacE released-ZINC protocol,native_l2,cLogP,0.7000000000000002,200,1.0,1.0,0.755,3.2636350000000007,0.0,5.49489755480424,0.0,0.8123692841887988,0.0,0.0,0.455,0.2984734563681932,0.1437651331719128,0.8632183908045976,0.2865853658536585
ChemSpacE released-ZINC protocol,native_l2,cLogP,0.8,200,1.0,1.0,0.785,3.235600000000002,0.0,5.499108065360797,0.0,0.7969077014102929,0.0,0.0,0.455,0.25537190082644623,0.13377976190476187,0.7158818493150685,0.25766871165644173
ChemSpacE released-ZINC protocol,native_l2,cLogP,0.9000000000000001,200,1.0,1.0,0.825,3.178450000000002,0.0,5.504571104901568,0.0,0.7900317419217496,0.0,0.0,0.485,0.22426470588235295,0.13008415147265073,0.554745085995086,0.22085889570552147
ChemSpacE released-ZINC protocol,native_l2,cLogP,1.0,200,1.0,1.0,0.855,3.1540000000000017,0.0,5.5253713644876985,0.0,0.785562545950865,0.0,0.0,0.495,0.21039570757880616,0.12814845704753955,0.44626532887402454,0.1951219512195122
ChemSpacE released-ZINC protocol,native_l2,BertzCT,-1.0,200,1.0,1.0,0.885,621.4237512704517,0.0,5.398524759640082,0.0,0.7876534813247912,0.0,0.0,0.49,0.18686868686868685,0.1232713100326879,0.3386548913043478,0.13043478260869565
ChemSpacE released-ZINC protocol,native_l2,BertzCT,-0.9,200,1.0,1.0,0.855,629.9317189404527,0.0,5.4512955224189765,0.026434138382976702,0.8329408965400582,0.0,0.0,0.45,0.2040922852072241,0.13173194614443082,0.4176522506619594,0.16875
ChemSpacE released-ZINC protocol,native_l2,BertzCT,-0.8,200,1.0,1.0,0.825,645.5257954347982,0.0,5.455027727380735,0.0,0.8289557050475642,0.0,0.0,0.425,0.20867919033056645,0.13296703296703294,0.4806427749465724,0.1951219512195122
ChemSpacE released-ZINC protocol,native_l2,BertzCT,-0.7,200,1.0,1.0,0.78,651.525795434798,0.0,5.472226215311196,0.0,0.813328481827178,0.0,0.0,0.415,0.22464953271028035,0.14047388781431328,0.5495018679950187,0.22289156626506024
ChemSpacE released-ZINC protocol,native_l2,BertzCT,-0.6,200,1.0,1.0,0.725,650.525795434798,0.0,5.472226215311196,0.0,0.7862328603812678,0.0,0.0,0.4,0.27657916816492867,0.15111661102797277,1.0,0.29518072289156627
ChemSpacE released-ZINC protocol,native_l2,BertzCT,-0.5,200,1.0,1.0,0.675,667.0719839708588,0.0,5.500277485426736,0.0,0.792959569627343,0.0,0.0,0.335,0.42430316914852995,0.16738900284523256,1.0,0.3532934131736527
ChemSpacE released-ZINC protocol,native_l2,BertzCT,-0.3999999999999999,200,1.0,1.0,0.62,667.0719839708588,0.0,5.456776278634333,0.0,0.7953486757031628,0.0,0.0,0.31,0.4847041847041847,0.16826165960024225,1.0,0.40963855421686746
ChemSpacE released-ZINC protocol,native_l2,BertzCT,-0.2999999999999999,200,1.0,1.0,0.51,669.8268714730223,0.0,5.440135176641684,0.0,0.8095940119249718,0.0,0.0,0.25,0.7546004842615013,0.20058874521418768,1.0,0.5212121212121212
ChemSpacE released-ZINC protocol,native_l2,BertzCT,-0.1999999999999999,200,1.0,1.0,0.425,661.3969923225337,0.0,5.409508754513033,0.0,0.8106048467647559,0.0,0.0,0.2,1.0,0.24793956043956042,1.0,0.6107784431137725
ChemSpacE released-ZINC protocol,native_l2,BertzCT,-0.0999999999999999,200,1.0,1.0,0.23,665.7344881466963,0.0,5.384779412125382,0.0,0.7734604806282432,0.0,0.0,0.095,1.0,1.0,1.0,0.7894736842105263
ChemSpacE released-ZINC protocol,native_l2,BertzCT,0.0,200,1.0,1.0,0.0,651.8388376297477,0.0,5.410964407320817,0.0,0.7557398351622628,0.0,0.0,,1.0,1.0,1.0,1.0
ChemSpacE released-ZINC protocol,native_l2,BertzCT,0.1,200,1.0,1.0,0.21,644.5257954347982,0.0,5.410964407320817,0.0,0.7422102192712023,0.0,0.0,0.095,1.0,1.0,1.0,0.8092485549132948
ChemSpacE released-ZINC protocol,native_l2,BertzCT,0.2000000000000001,200,1.0,1.0,0.35,643.5257954347982,0.0,5.376848124149971,0.0,0.7648720877077637,0.0,0.0,0.145,1.0,0.4587273191924354,1.0,0.6608187134502924
ChemSpacE released-ZINC protocol,native_l2,BertzCT,0.3,200,1.0,1.0,0.48,643.5257954347982,0.0,5.423040635254698,0.0,0.7544255802053697,0.0,0.0,0.235,1.0,0.24498834498834493,1.0,0.5294117647058824
ChemSpacE released-ZINC protocol,native_l2,BertzCT,0.4000000000000001,200,1.0,1.0,0.56,646.5257954347982,0.0,5.443827719063405,0.0,0.743689251300095,0.0,0.0,0.3,0.5497542997542997,0.20277777777777778,1.0,0.4378698224852071
ChemSpacE released-ZINC protocol,native_l2,BertzCT,0.5,200,1.0,1.0,0.61,664.3570443956145,0.0,5.42076231622483,0.0,0.7603408766149664,0.0,0.0,0.33,0.3571428571428571,0.16202566202566196,1.0,0.3939393939393939
ChemSpacE released-ZINC protocol,native_l2,BertzCT,0.6000000000000001,200,1.0,1.0,0.655,631.6866064426163,0.0,5.417167197821428,0.0,0.7687241025074699,0.0,0.0,0.34,0.34818528456432707,0.1590378079864061,1.0,0.3575757575757576
ChemSpacE released-ZINC protocol,native_l2,BertzCT,0.7000000000000002,200,1.0,1.0,0.7,630.6866064426163,0.0,5.314470541008889,0.0,0.7911204695063738,0.0,0.0,0.35,0.30146464646464644,0.1530004580852038,1.0,0.32515337423312884
ChemSpacE released-ZINC protocol,native_l2,BertzCT,0.8,200,1.0,1.0,0.755,638.5257954347982,0.0,5.33162704733293,0.0,0.7923257171852673,0.0,0.0,0.4,0.26186813186813185,0.1509433962264151,0.8511104617182934,0.25609756097560976
ChemSpacE released-ZINC protocol,native_l2,BertzCT,0.9000000000000001,200,1.0,1.0,0.785,643.5257954347982,0.0,5.319944841602984,0.0,0.7759711634765198,0.0,0.0,0.435,0.2258201597824239,0.14110222781171392,0.582598235765838,0.22560975609756098
ChemSpacE released-ZINC protocol,native_l2,BertzCT,1.0,200,1.0,1.0,0.82,665.1518798246971,0.0,5.427572100803059,0.0,0.8550083373184578,0.0,0.0,0.45,0.22008547008547005,0.13785194558683955,0.4557527539779681,0.21341463414634146
ChemSpacE released-ZINC protocol,native_l2,HeavyAtomCount,-1.0,200,1.0,1.0,0.855,24.5,0.0,5.4453500778357995,0.0,0.8017178853599984,0.0,0.0,0.445,0.21703853955375252,0.12750917992656055,0.47463186077643904,0.16981132075471697
ChemSpacE released-ZINC protocol,native_l2,HeavyAtomCount,-0.9,200,1.0,1.0,0.83,25.0,0.0,5.437936535576906,0.0,0.7963849669900754,0.0,0.0,0.42,0.22464953271028035,0.13289473684210523,0.5280172413793104,0.2
ChemSpacE released-ZINC protocol,native_l2,HeavyAtomCount,-0.8,200,1.0,1.0,0.79,24.0,0.0,5.416749605986576,0.0,0.8071790329377881,0.0,0.0,0.41,0.24027777777777776,0.1438873626373626,0.7033292978208232,0.2578616352201258
ChemSpacE released-ZINC protocol,native_l2,HeavyAtomCount,-0.7,200,1.0,1.0,0.755,25.0,0.0,5.439469637727381,0.0,0.8128302875275633,0.0,0.0,0.375,0.2737468671679198,0.15500262605042014,0.8225022104332449,0.2919254658385093
ChemSpacE released-ZINC protocol,native_l2,HeavyAtomCount,-0.6,200,1.0,1.0,0.735,25.0,0.0,5.433945128648842,0.0,0.8297604821826912,0.0,0.0,0.355,0.302109440267335,0.1611976269929551,1.0,0.3006134969325153
ChemSpacE released-ZINC protocol,native_l2,HeavyAtomCount,-0.5,200,1.0,1.0,0.625,25.0,0.0,5.375682580898867,0.0,0.8106048467647559,0.0,0.0,0.305,0.46908212560386475,0.1772890092608771,1.0,0.41818181818181815
ChemSpacE released-ZINC protocol,native_l2,HeavyAtomCount,-0.3999999999999999,200,1.0,1.0,0.54,25.0,0.0,5.440135176641684,0.0,0.8031124510073616,0.0,0.0,0.245,0.6783399800598205,0.20616377392078322,1.0,0.49404761904761907
ChemSpacE released-ZINC protocol,native_l2,HeavyAtomCount,-0.2999999999999999,200,1.0,1.0,0.465,25.0,0.0,5.464677312403053,0.0,0.7953486757031628,0.0,0.0,0.18,1.0,0.22758710687720207,1.0,0.5798816568047337
ChemSpacE released-ZINC protocol,native_l2,HeavyAtomCount,-0.1999999999999999,200,1.0,1.0,0.34,25.0,0.0,5.4219973075094225,0.0,0.7953486757031628,0.0,0.0,0.13,1.0,0.4010175763182238,1.0,0.6982248520710059
ChemSpacE released-ZINC protocol,native_l2,HeavyAtomCount,-0.0999999999999999,200,1.0,1.0,0.225,25.0,0.0,5.464677312403053,0.0,0.7648720877077637,0.0,0.0,0.08,1.0,1.0,1.0,0.7965116279069767
ChemSpacE released-ZINC protocol,native_l2,HeavyAtomCount,0.0,200,1.0,1.0,0.0,25.0,0.0,5.410964407320817,0.0,0.7557398351622628,0.0,0.0,,1.0,1.0,1.0,1.0
ChemSpacE released-ZINC protocol,native_l2,HeavyAtomCount,0.1,200,1.0,1.0,0.16,25.0,0.0,5.426250840788686,0.0,0.7557398351622628,0.0,0.0,0.06,1.0,1.0,1.0,0.861271676300578
ChemSpacE released-ZINC protocol,native_l2,HeavyAtomCount,0.2000000000000001,200,1.0,1.0,0.305,25.0,0.0,5.410964407320817,0.0,0.7601898700920491,0.0,0.0,0.13,1.0,0.5662144702842378,1.0,0.7294117647058823
ChemSpacE released-ZINC protocol,native_l2,HeavyAtomCount,0.3,200,1.0,1.0,0.44,25.5,0.0,5.401382896418941,0.0,0.7420518102616621,0.0,0.0,0.21,1.0,0.33658008658008653,1.0,0.5976331360946746
ChemSpacE released-ZINC protocol,native_l2,HeavyAtomCount,0.4000000000000001,200,1.0,1.0,0.515,25.0,0.0,5.410964407320817,0.0,0.7420518102616621,0.0,0.0,0.24,0.7822837539818672,0.24485970004837926,1.0,0.5178571428571429
ChemSpacE released-ZINC protocol,native_l2,HeavyAtomCount,0.5,200,1.0,1.0,0.605,26.0,0.0,5.370570032959693,0.0,0.743689251300095,0.0,0.0,0.285,0.5330012453300124,0.19222508591065288,1.0,0.43373493975903615
ChemSpacE released-ZINC protocol,native_l2,HeavyAtomCount,0.6000000000000001,200,1.0,1.0,0.655,25.0,0.0,5.290464164269971,0.0,0.7420518102616621,0.0,0.0,0.325,0.35834670947030495,0.1663385826771653,1.0,0.39759036144578314
ChemSpacE released-ZINC protocol,native_l2,HeavyAtomCount,0.7000000000000002,200,1.0,1.0,0.705,25.0,0.0,5.43780232096818,0.0,0.7440049600177557,0.0,0.0,0.34,0.29929496070272765,0.14600840336134446,1.0,0.34146341463414637
ChemSpacE released-ZINC protocol,native_l2,HeavyAtomCount,0.8,200,1.0,1.0,0.745,25.0,0.0,5.418446993667018,0.0,0.7435569761605549,0.0,0.0,0.36,0.2822861329913904,0.14249639249639245,1.0,0.296969696969697
ChemSpacE released-ZINC protocol,native_l2,HeavyAtomCount,0.9000000000000001,200,1.0,1.0,0.77,25.0,0.0,5.455650016677299,0.0,0.7625365586171795,0.0,0.0,0.395,0.24679487179487175,0.13721590909090908,0.7440318302387268,0.2804878048780488
ChemSpacE released-ZINC protocol,native_l2,HeavyAtomCount,1.0,200,1.0,1.0,0.785,25.0,0.0,5.474086339289479,0.0,0.7973166043413716,0.0,0.0,0.405,0.22788461538461535,0.1384206219312602,0.705379746835443,0.25609756097560976
