method,scale,property,objective,seed_similarity_cutoff,seeds,successful_seeds,success_fraction,median_best_improvement,median_selected_similarity,median_selected_alpha,median_selected_sa_score_delta,median_eligible_candidates
ChemSpacE adapted extreme-SVM,native_l2,BertzCT,maximize,0.0,50,50,1.0,10732.896119335035,0.0,45.0,4.991147731660275,20.0
ChemSpacE adapted extreme-SVM,native_l2,BertzCT,maximize,0.2,50,0,0.0,,,,,0.0
ChemSpacE adapted extreme-SVM,native_l2,BertzCT,maximize,0.4,50,0,0.0,,,,,0.0
ChemSpacE adapted extreme-SVM,native_l2,BertzCT,maximize,0.6,50,0,0.0,,,,,0.0
ChemSpacE adapted extreme-SVM,native_l2,FractionCSP3,maximize,0.0,50,50,1.0,0.7142857142857143,0.0363636363636363,30.0,2.150752483079758,20.0
ChemSpacE adapted extreme-SVM,native_l2,FractionCSP3,maximize,0.2,50,0,0.0,,,,,0.0
ChemSpacE adapted extreme-SVM,native_l2,FractionCSP3,maximize,0.4,50,0,0.0,,,,,0.0
ChemSpacE adapted extreme-SVM,native_l2,FractionCSP3,maximize,0.6,50,0,0.0,,,,,0.0
ChemSpacE adapted extreme-SVM,native_l2,HBA,maximize,0.0,50,50,1.0,150.0,0.0305361305361305,45.0,5.960707770229518,20.0
ChemSpacE adapted extreme-SVM,native_l2,HBA,maximize,0.2,50,0,0.0,,,,,0.0
ChemSpacE adapted extreme-SVM,native_l2,HBA,maximize,0.4,50,0,0.0,,,,,0.0
ChemSpacE adapted extreme-SVM,native_l2,HBA,maximize,0.6,50,0,0.0,,,,,0.0
ChemSpacE adapted extreme-SVM,native_l2,HeavyAtomCount,maximize,0.0,50,50,1.0,130.0,0.0425724637681159,45.0,5.558742559113295,11.0
ChemSpacE adapted extreme-SVM,native_l2,HeavyAtomCount,maximize,0.2,50,0,0.0,,,,,0.0
ChemSpacE adapted extreme-SVM,native_l2,HeavyAtomCount,maximize,0.4,50,0,0.0,,,,,0.0
ChemSpacE adapted extreme-SVM,native_l2,HeavyAtomCount,maximize,0.6,50,0,0.0,,,,,0.0
ChemSpacE adapted extreme-SVM,native_l2,TPSA,maximize,0.0,50,50,1.0,1733.5099999999975,0.0286240032713146,60.0,5.879922752029426,20.0
ChemSpacE adapted extreme-SVM,native_l2,TPSA,maximize,0.2,50,0,0.0,,,,,0.0
ChemSpacE adapted extreme-SVM,native_l2,TPSA,maximize,0.4,50,0,0.0,,,,,0.0
ChemSpacE adapted extreme-SVM,native_l2,TPSA,maximize,0.6,50,0,0.0,,,,,0.0
ChemSpacE adapted extreme-SVM,native_l2,cLogP,maximize,0.0,50,50,1.0,57.20565999999958,0.0325224748810153,45.0,2.2675650830378693,20.0
ChemSpacE adapted extreme-SVM,native_l2,cLogP,maximize,0.2,50,0,0.0,,,,,0.0
ChemSpacE adapted extreme-SVM,native_l2,cLogP,maximize,0.4,50,0,0.0,,,,,0.0
ChemSpacE adapted extreme-SVM,native_l2,cLogP,maximize,0.6,50,0,0.0,,,,,0.0
MolecuLA continuous OLS,native_l2,BertzCT,maximize,0.0,50,50,1.0,4094.7194700801374,0.0610486392973584,150.0,5.839706454619616,19.0
MolecuLA continuous OLS,native_l2,BertzCT,maximize,0.2,50,34,0.68,191.36596199332325,0.3382352941176471,30.0,1.4478516306240357,3.0
MolecuLA continuous OLS,native_l2,BertzCT,maximize,0.4,50,22,0.44,175.6859964126262,0.4810126582278481,15.0,0.77675500471838,1.0
MolecuLA continuous OLS,native_l2,BertzCT,maximize,0.6,50,11,0.22,113.97297584203072,0.6425806451612903,15.0,0.6718642247442412,0.0
MolecuLA continuous OLS,native_l2,FractionCSP3,maximize,0.0,50,50,1.0,0.7105052481764811,0.0546699875466998,90.0,1.9291609360008783,18.0
MolecuLA continuous OLS,native_l2,FractionCSP3,maximize,0.2,50,30,0.6,0.0789610389610389,0.3023537556247836,30.0,1.2421502845572352,1.5
MolecuLA continuous OLS,native_l2,FractionCSP3,maximize,0.4,50,10,0.2,6.938893903907228e-18,0.4823529411764706,-15.0,0.9011521815078308,0.0
MolecuLA continuous OLS,native_l2,FractionCSP3,maximize,0.6,50,2,0.04,-0.0113960113960114,0.6811594202898551,-30.0,0.0240147372998187,0.0
MolecuLA continuous OLS,native_l2,HBA,maximize,0.0,50,50,1.0,27.5,0.0557933234767721,135.0,4.994753577599232,18.0
MolecuLA continuous OLS,native_l2,HBA,maximize,0.2,50,36,0.72,2.0,0.3703703703703703,30.0,1.2394940893665538,2.0
MolecuLA continuous OLS,native_l2,HBA,maximize,0.4,50,22,0.44,1.0,0.4969879518072289,15.0,0.7728493236522018,1.0
MolecuLA continuous OLS,native_l2,HBA,maximize,0.6,50,5,0.1,1.0,0.6785714285714286,15.0,0.5426318446129619,0.0
MolecuLA continuous OLS,native_l2,HeavyAtomCount,maximize,0.0,50,50,1.0,95.0,0.066114359974009,135.0,5.606676091408213,18.0
MolecuLA continuous OLS,native_l2,HeavyAtomCount,maximize,0.2,50,33,0.66,5.0,0.3552631578947368,30.0,1.21330034161464,3.0
MolecuLA continuous OLS,native_l2,HeavyAtomCount,maximize,0.4,50,22,0.44,3.0,0.5122927387078331,15.0,0.7270925962380241,1.0
MolecuLA continuous OLS,native_l2,HeavyAtomCount,maximize,0.6,50,6,0.12,2.0,0.6777777777777778,15.0,0.6086146617334025,0.0
MolecuLA continuous OLS,native_l2,TPSA,maximize,0.0,50,50,1.0,193.44500000000005,0.0652250974831619,120.0,3.12489065378244,18.0
MolecuLA continuous OLS,native_l2,TPSA,maximize,0.2,50,40,0.8,41.68,0.3244718309859155,30.0,1.1554809137805735,2.0
MolecuLA continuous OLS,native_l2,TPSA,maximize,0.4,50,23,0.46,23.56,0.5529943502824859,30.0,0.6538136957619329,1.0
MolecuLA continuous OLS,native_l2,TPSA,maximize,0.6,50,9,0.18,17.07,0.6722724703222159,22.5,0.2862285457777185,0.0
MolecuLA continuous OLS,native_l2,cLogP,maximize,0.0,50,50,1.0,43.25789499999982,0.0503497488380826,150.0,3.838725075975389,18.0
MolecuLA continuous OLS,native_l2,cLogP,maximize,0.2,50,30,0.6,1.6301000000000023,0.3099179206566347,30.0,1.22907870745455,2.5
MolecuLA continuous OLS,native_l2,cLogP,maximize,0.4,50,17,0.34,0.727100000000001,0.5087719298245614,15.0,0.6205030246079879,0.5
MolecuLA continuous OLS,native_l2,cLogP,maximize,0.6,50,3,0.06,-0.2504100000000004,0.6278019404483105,-22.5,0.5582629475683336,0.0
