property,direction_type,direction_target,response,median_spearman_rho,q25_spearman_rho,q75_spearman_rho,median_linear_slope,median_expected_sign_fraction,mean_expected_sign_fraction,overall_validity,seed_count
BertzCT,raw_property,BertzCT,diagnostic_residual,-0.49966427842472794,-0.7478408600513944,-0.234198684891362,-3.336319782164807,0.215,0.2438,1.0,50
BertzCT,raw_property,BertzCT,raw_property,0.9440210970263052,0.915489979778702,0.9624057140769128,11.340548023365773,0.82,0.8146,1.0,50
BertzCT,residual_property,BertzCT_residual,diagnostic_residual,0.7172403145474686,0.5865223800640447,0.8840404085117637,2.8891223920467963,0.64,0.649,1.0,50
BertzCT,residual_property,BertzCT_residual,raw_property,0.689353885520018,0.5526147725246309,0.8316733463312748,1.8848980907955437,0.605,0.6002,1.0,50
BertzCT,selfies_length,selfies_len_tokens,diagnostic_residual,-0.925162070092143,-0.9564297269529545,-0.7191565922428705,-7.327056659392271,0.13,0.15118717221454617,0.9826,50
BertzCT,selfies_length,selfies_len_tokens,raw_property,0.8910804656865371,0.8465882366905741,0.9434528414548295,6.9861746624037,0.77,0.7767967430771041,0.9826,50
FractionCSP3,raw_property,FractionCSP3,diagnostic_residual,0.5684828345670404,0.43986730207693103,0.752862718911138,0.001412706151209568,0.75,0.7394,1.0,50
FractionCSP3,raw_property,FractionCSP3,raw_property,0.9377110944756364,0.892484718310939,0.9522662299058051,0.00399361786817241,0.83,0.7787999999999999,1.0,50
FractionCSP3,residual_property,FractionCSP3_residual,diagnostic_residual,0.8925255024524567,0.8620547101252553,0.9132366145327324,0.0037993961374029367,0.89,0.8772,1.0,50
FractionCSP3,residual_property,FractionCSP3_residual,raw_property,0.9117164150218398,0.8684928333685643,0.9284585285347542,0.0032811983329517945,0.795,0.759,1.0,50
FractionCSP3,selfies_length,selfies_len_tokens,diagnostic_residual,-0.11269540861476776,-0.48015891350321527,0.20381900090347022,-0.00019743906533169217,0.47,0.4646899027020478,0.9826,50
FractionCSP3,selfies_length,selfies_len_tokens,raw_property,-0.5934875145762443,-0.6889551423279496,-0.3002934621876358,-0.0022018804810891605,0.315,0.33930969361043833,0.9826,50
HBA,raw_property,HBA,diagnostic_residual,0.3131073866086107,0.14537326637924794,0.5382317306488763,0.02374204327410995,0.67,0.628265306122449,0.9995999999999999,50
HBA,raw_property,HBA,raw_property,0.9547046848266229,0.932895917562209,0.9648659713469586,0.07855247524752476,0.815,0.8028979591836735,0.9995999999999999,50
HBA,residual_property,HBA_residual,diagnostic_residual,0.8810219323535307,0.6900693413961293,0.9546091429533817,0.034664223106212165,0.79,0.7681999999999999,1.0,50
HBA,residual_property,HBA_residual,raw_property,0.9293357063457413,0.866291715409208,0.9606062340854311,0.03518415841584159,0.71,0.7023999999999999,1.0,50
HBA,selfies_length,selfies_len_tokens,diagnostic_residual,-0.7177747935059493,-0.8838472496176394,-0.45501546163553863,-0.021937903014838167,0.255,0.266377992345954,0.9826,50
HBA,selfies_length,selfies_len_tokens,raw_property,0.9101593345432504,0.8672842796253348,0.9530254583007844,0.04070990099009902,0.78,0.7559412472429667,0.9826,50
HeavyAtomCount,raw_property,HeavyAtomCount,diagnostic_residual,-0.017694002636518588,-0.19694699219621023,0.1265728115313808,-0.06841379651140873,0.5208695652173914,0.5197063717537018,0.9718000000000001,50
HeavyAtomCount,raw_property,HeavyAtomCount,raw_property,0.9733625876820358,0.927247073077683,0.9796651115130552,0.32030099009901,0.8395402298850574,0.8342177266703606,0.9718000000000001,50
HeavyAtomCount,residual_property,HeavyAtomCount_residual,diagnostic_residual,0.7463490328672031,0.6067022804478067,0.8685587809654156,0.04950129733312938,0.67,0.6681999999999999,1.0,50
HeavyAtomCount,residual_property,HeavyAtomCount_residual,raw_property,0.6606264722931275,0.47568288918341645,0.7907406043097694,0.036344554455445544,0.49,0.49579999999999996,1.0,50
HeavyAtomCount,selfies_length,selfies_len_tokens,diagnostic_residual,-0.37293744707863197,-0.540101157228177,-0.19263231788813032,-0.10335445775825625,0.475,0.46027972118630883,0.9826,50
HeavyAtomCount,selfies_length,selfies_len_tokens,raw_property,0.949817580991754,0.885569494997899,0.9717167370342823,0.24937227722772276,0.83,0.8226095759190938,0.9826,50
TPSA,raw_property,TPSA,diagnostic_residual,0.1509399204558256,-0.02995771881033552,0.3121370254133009,0.09337194598994969,0.595,0.5768,1.0,50
TPSA,raw_property,TPSA,raw_property,0.9296714038913769,0.8998222083263806,0.951553350257659,0.791005861386139,0.805,0.7834,1.0,50
TPSA,residual_property,TPSA_residual,diagnostic_residual,0.8649696239770475,0.7483483890891457,0.9265040527352256,0.558646355987426,0.75,0.7426,1.0,50
TPSA,residual_property,TPSA_residual,raw_property,0.9146432108521789,0.8712680739515424,0.9362983656850532,0.5282537524752475,0.725,0.7095999999999999,1.0,50
TPSA,selfies_length,selfies_len_tokens,diagnostic_residual,-0.7313416690533524,-0.8540174955410035,-0.500634629545884,-0.3824906839366471,0.25,0.26204255828490447,0.9826,50
TPSA,selfies_length,selfies_len_tokens,raw_property,0.8553791862463326,0.7908936428372099,0.9090523318473819,0.48744209900990104,0.775,0.7605877947232104,0.9826,50
cLogP,raw_property,cLogP,diagnostic_residual,0.564361672796743,0.3748905506094344,0.757318810906436,0.029801092039003704,0.73,0.7323999999999999,1.0,50
cLogP,raw_property,cLogP,raw_property,0.9347796401640374,0.9135734677489824,0.9633340269270149,0.07537642982178218,0.82,0.815,1.0,50
cLogP,residual_property,cLogP_residual,diagnostic_residual,0.9257822635222144,0.887587963957053,0.9554888284250276,0.04805282099322581,0.815,0.8024,1.0,50
cLogP,residual_property,cLogP_residual,raw_property,0.9587325980557686,0.9433133933429121,0.9756544190925573,0.05227572975247523,0.77,0.7709999999999999,1.0,50
cLogP,selfies_length,selfies_len_tokens,diagnostic_residual,0.15532995060534127,-0.20367305032061236,0.3233586237735575,-0.003086002225538156,0.545,0.5335482064588695,0.9826,50
cLogP,selfies_length,selfies_len_tokens,raw_property,0.8388351398850904,0.6742343073096644,0.892548923396842,0.04081791385148512,0.725,0.7212648979224457,0.9826,50
